Workbook

Sheet 2024
A1: 生活 | B1: =SUMIF(D:D,A1,S:S) -> 1001606.3 | C1: =B1/$B$4 -> 0.45084877 | J1: 月支出估計 | L1: 年支出估計
A2: 想要&奢侈品 | B2: =SUMIF(D:D,A2,S:S) -> 126625 | C2: =B2/$B$4 -> 0.056997169 | J2: 185000 | L2: =J2*12+K2 -> 2220000 | M2: =2200000-B4 -> -21601.563
A3: 一次性支出 | B3: =SUMIF(D:D,A3,S:S) -> 1093370.2 | C3: =B3/$B$4 -> 0.49215406 | AD3: 202312
A4: Total | B4: =SUMIF(D:D,A4,S:S) -> 2221601.6 | C4: =B4-B89 -> 1527424.6 | AD4: 202412 | AE4: =AE5/$AD$5 -> 0.14831687 | AF4: =AF5/$AD$5 -> 0.009294646 | AG4: =AG5/$AD$5 -> 0.03573278 | AH4: =AH5/$AD$5 -> 0.035431646 | AI4: =AI5/$AD$5 -> 0.15607704 | AJ4: =AJ5/$AD$5 -> 0.058532098 | AK4: =AK5/$AD$5 -> 0.0074636846 | AL4: =AL5/$AD$5 -> 0.033067136 | ... AU4: =AU5/$AD$5 -> 0.02094435
A5: Total-旅遊 | B5: =B4-AQ5 -> 1335182.3 | AD5: =SUM(AE5:AU5) -> 2221601.6 | AE5: =SUM(AE10:AE21) -> 329501 | AF5: =SUM(AF10:AF21) -> 20649 | AG5: =SUM(AG10:AG21) -> 79384 | AH5: =SUM(AH10:AH21) -> 78715 | AI5: =SUM(AI10:AI21) -> 346741 | AJ5: =SUM(AJ10:AJ21) -> 130035 | AK5: =SUM(AK10:AK21) -> 16581.333 | AL5: =SUM(AL10:AL21) -> 73462 | ... AU5: =SUM(AU10:AU21) -> 46530
A6: 占預計支出比例 | B6: =B4/L2 -> 1.0007214 | F6: =F7/$S$7 -> 0.3392494 | G6: =G7/$S$7 -> 0.0030473511 | H6: =H7/$S$7 -> 0.24832073 | I6: =I7/$S$7 -> 0.019109637 | J6: =J7/$S$7 -> 0.0062427936 | K6: =K7/$S$7 -> 0.0050823695 | L6: =L7/$S$7 -> 0.056734296 | M6: =M7/$S$7 -> 0.12439764 | ... R6: =R7/$S$7 -> 0.0019175356 | AE6: =W9 -> 生活 | AL6: =X9 -> 想要&奢侈品 | AQ6: =Y9 -> 一次性支出
F7: =SUMIF($D$9:$D$1012,"Total",F9:F1012) -> 753677 | G7: =SUMIF($D$9:$D$1012,"Total",G9:G1012) -> 6770 | H7: =SUMIF($D$9:$D$1012,"Total",H9:H1012) -> 551669.73 | I7: =SUMIF($D$9:$D$1012,"Total",I9:I1012) -> 42454 | J7: =SUMIF($D$9:$D$1012,"Total",J9:J1012) -> 13869 | K7: =SUMIF($D$9:$D$1012,"Total",K9:K1012) -> 11291 | L7: =SUMIF($D$9:$D$1012,"Total",L9:L1012) -> 126041 | M7: =SUMIF($D$9:$D$1012,"Total",M9:M1012) -> 276362 | ... R7: =SUMIF($D$9:$D$1012,"Total",R9:R1012) -> 4260 | S7: =SUM(F7:R7) -> 2221601.6 | W7: =W8/$AD$5 -> 0.45084877 | X7: =X8/$AD$5 -> 0.056997169 | Y7: =Y8/$AD$5 -> 0.49215406 | Z7: =Z8/$AD$5 -> 1 | AD7: 占比%/YOY% | AE7: =ROUND(W7*100,2)&"%"&" / "&ROUND((SUMPRODUCT((VALUE($AD$10:$AD$21)<=VALUE($AD$4))*(AE10:AK21))/SUMPRODUCT((VALUE('2023'!$AD$10:$AD$21)<=VALUE($AD$3))*('2023'!AE$10:AK$21))-1)*100,2)&"%" -> 45.08% / -4.26% | AL7: =ROUND(X7*100,2)&"%"&" / "&ROUND((SUMPRODUCT((VALUE($AD$10:$AD$21)<=VALUE($AD$4))*(AL10:AP21))/SUMPRODUCT((VALUE('2023'!$AD$10:$AD$21)<=VALUE($AD$3))*('2023'!AL$10:AP$21))-1)*100,2)&"%" -> 5.7% / -23.06% | AQ7: =ROUND(Y7*100,2)&"%"&" / "&ROUND((SUMPRODUCT((VALUE($AD$10:$AD$21)<=VALUE($AD$4))*(AQ10:AU21))/SUMPRODUCT((VALUE('2023'!$AD$10:$AD$21)<=VALUE($AD$3))*('2023'!AQ$10:AU$21))-1)*100,2)&"%" -> 49.22% / -0.19%
C8: 年月 | F8: 其他現金支出 | G8: 匯豐 | H8: 台新ALL | I8: 玉山ALL | J8: 樂天 | K8: 上海 | L8: 國泰KOKO&COSTCO | M8: 合庫+永豐+星展 | N8: 聯邦微風卡 | O8: 王董Creditcard | P8: 中信LinePAy | Q8: 孝敬長輩 | R8: 合庫 | S8: Total | W8: =SUM(W10:W21) -> 1001606.3 | X8: =SUM(X10:X21) -> 126625 | Y8: =SUM(Y10:Y21) -> 1093370.2 | Z8: =SUM(Z10:Z21) -> 2221601.6 | AD8: =SUMPRODUCT((VALUE($AD$10:$AD$21)<=VALUE($AD$4))*(AE10:AU21))/SUMPRODUCT((VALUE('2023'!$AD$10:$AD$21)<=VALUE($AD$3))*('2023'!AE$10:AU$21))-1 -> -0.036685346 | AE8: =SUMPRODUCT((VALUE($AD$10:$AD$21)<=VALUE($AD$4))*(AE10:AE21))/SUMPRODUCT((VALUE('2023'!$AD$10:$AD$21)<=VALUE($AD$3))*('2023'!AE$10:AE$21))-1 -> 0.0092068791 | AF8: =(SUMPRODUCT((VALUE($AD$10:$AD$21)<=VALUE($AD$4))*(AF10:AF21))+SUMPRODUCT((VALUE($AD$10:$AD$21)<=VALUE($AD$4))*(AG10:AG21))+SUMPRODUCT((VALUE($AD$10:$AD$21)<=VALUE($AD$4))*(AH10:AH21)))/(SUMPRODUCT((VALUE('2023'!$AD$10:$AD$21)<=VALUE($AD$3))*('2023'!AF$10:AF$21))+SUMPRODUCT((VALUE('2023'!$AD$10:$AD$21)<=VALUE($AD$3))*('2023'!AG$10:AG$21))+SUMPRODUCT((VALUE('2023'!$AD$10:$AD$21)<=VALUE($AD$3))*('2023'!AK$10:AK$21)))-1 -> -0.18778967 | AI8: =(SUMPRODUCT((VALUE($AD$10:$AD$21)<=VALUE($AD$4))*(AI10:AI21))+SUMPRODUCT((VALUE($AD$10:$AD$21)<=VALUE($AD$4))*(AJ10:AJ21)))/(SUMPRODUCT((VALUE('2023'!$AD$10:$AD$21)<=VALUE($AD$3))*('2023'!AI$10:AI$21))+SUMPRODUCT((VALUE('2023'!$AD$10:$AD$21)<=VALUE($AD$3))*('2023'!AJ$10:AJ$21)))-1 -> -0.02661628 | AK8: =SUMPRODUCT((VALUE($AD$10:$AD$21)<=VALUE($AD$4))*(AK10:AK21))/SUMPRODUCT((VALUE('2023'!$AD$10:$AD$21)<=VALUE($AD$3))*('2023'!AH$10:AH$21))-1 -> 0.68680909 | AL8: =SUMPRODUCT((VALUE($AD$10:$AD$21)<=VALUE($AD$4))*(AL10:AL21))/SUMPRODUCT((VALUE('2023'!$AD$10:$AD$21)<=VALUE($AD$3))*('2023'!AL10:AL21))-1 -> 1.1386317 | AM8: =SUMPRODUCT((VALUE($AD$10:$AD$21)<=VALUE($AD$4))*(AM10:AM21))/SUMPRODUCT((VALUE('2023'!$AD$10:$AD$21)<=VALUE($AD$3))*('2023'!AM10:AM21))-1 -> -0.65411333 | AN8: =SUMPRODUCT((VALUE($AD$10:$AD$21)<=VALUE($AD$4))*(AN10:AN21))/SUMPRODUCT((VALUE('2023'!$AD$10:$AD$21)<=VALUE($AD$3))*('2023'!AN10:AN21))-1 -> -0.2604097 | AO8: =SUMPRODUCT((VALUE($AD$10:$AD$21)<=VALUE($AD$4))*(AO10:AO21))/SUMPRODUCT((VALUE('2023'!$AD$10:$AD$21)<=VALUE($AD$3))*('2023'!AO10:AO21))-1 -> -0.020076942 | AP8: =SUMPRODUCT((VALUE($AD$10:$AD$21)<=VALUE($AD$4))*(AP10:AP21))/SUMPRODUCT((VALUE('2023'!$AD$10:$AD$21)<=VALUE($AD$3))*('2023'!AP10:AP21))-1 -> -0.73799783 | AQ8: =SUMPRODUCT((VALUE($AD$10:$AD$21)<=VALUE($AD$4))*(AQ10:AQ21))/SUMPRODUCT((VALUE('2023'!$AD$10:$AD$21)<=VALUE($AD$3))*('2023'!AQ10:AQ21))-1 -> 0.7295934 | AR8: =SUMPRODUCT((VALUE($AD$10:$AD$21)<=VALUE($AD$4))*(AR10:AR21))/SUMPRODUCT((VALUE('2023'!$AD$10:$AD$21)<=VALUE($AD$3))*('2023'!AR10:AR21))-1 -> 0.26962019 | AS8: =SUMPRODUCT((VALUE($AD$10:$AD$21)<=VALUE($AD$4))*(AS10:AS21))/SUMPRODUCT((VALUE('2023'!$AD$10:$AD$21)<=VALUE($AD$3))*('2023'!AS10:AS21))-1 -> -0.78646575 | ... AU8: =SUMPRODUCT((VALUE($AD$10:$AD$21)<=VALUE($AD$4))*(AU10:AU21))/SUMPRODUCT((VALUE('2023'!$AD$10:$AD$21)<=VALUE($AD$3))*('2023'!AU10:AU21))-1 -> -0.633772
A9: 月份 | B9: 202401 | C9: 202401 | D9: 生活 | E9: 食 | F9: =65+60+130+270+80+110+1020+120+65+255+75+300+1224 -> 3774 | H9: =195+258+179+85+95+225+185+195+195+540+341+84+105+180+110+45+150+84+166+470+50 -> 3937 | I9: 420 | M9: =199+258+899 -> 1356 | O9: =195+250+250+265+280 -> 1240 | Q9: =2000+2000+2000+2000 -> 8000 | S9: =SUM(F9:R9) -> 18727 | T9: =SUM(S9:S15) -> 70147 | V9: 月份 | W9: =A1 -> 生活 | X9: 想要&奢侈品 | Y9: =A3 -> 一次性支出 | Z9: Total | AD9: 月份 | AE9: 食 | AF9: 衣 | AG9: 住 | AH9: 行 | AI9: 育-基本 | AJ9: 育-才藝 | AK9: 醫療費用 | AL9: N | AM9: A | AN9: L | AO9: D | AP9: 其它 | AQ9: 旅遊 | AR9: 家庭聚會 | AS9: 稅費 | AT9: 保險 | AU9: 其它 | AV9: 合計
A10: 預計支出/月 | B10: =$J$2 -> 185000 | D10: 生活 | E10: 衣 | M10: 84 | S10: =SUM(F10:R10) -> 84 | V10: =$C$9 -> 202401 | W10: =T9 -> 70147 | X10: =T16 -> 9116 | Y10: =T21 -> 191040 | Z10: =W10+X10+Y10 -> 270303 | AD10: =V10 -> 202401 | AE10: =SUMPRODUCT(($D$9:$D$25=$AE$6)*($E$9:$E$25=AE$9)*$S$9:$S$25) -> 18727 | AF10: =SUMPRODUCT(($D$9:$D$25=$AE$6)*($E$9:$E$25=$AF$9)*$S$9:$S$25) -> 84 | AG10: =SUMPRODUCT(($D$9:$D$25=$AE$6)*($E$9:$E$25=$AG$9)*$S$9:$S$25) -> 5389 | AH10: =SUMPRODUCT(($D$9:$D$25=$AE$6)*($E$9:$E$25=$AH$9)*$S$9:$S$25) -> 3860 | AI10: =SUMPRODUCT(($D$9:$D$25=$AE$6)*($E$9:$E$25=$AI$9)*$S$9:$S$25) -> 28087 | AJ10: =SUMPRODUCT(($D$9:$D$25=$AE$6)*($E$9:$E$25=$AJ$9)*$S$9:$S$25) -> 11700 | AK10: =SUMPRODUCT(($D$9:$D$25=$AE$6)*($E$9:$E$25=$AK$9)*$S$9:$S$25) -> 2300 | AL10: =SUMPRODUCT(($D$9:$D$25=$AL$6)*($E$9:$E$25=$AL$9)*$S$9:$S$25) -> 6020 | AM10: =SUMPRODUCT(($D$9:$D$25=$AL$6)*($E$9:$E$25=$AM$9)*$S$9:$S$25) -> 0 | AN10: =SUMPRODUCT(($D$9:$D$25=$AL$6)*($E$9:$E$25=$AN$9)*$S$9:$S$25) -> 1219 | AO10: =SUMPRODUCT(($D$9:$D$25=$AL$6)*($E$9:$E$25=$AO$9)*$S$9:$S$25) -> 799 | AP10: =SUMPRODUCT(($D$9:$D$25=$AL$6)*($E$9:$E$25=$AP$9)*$S$9:$S$25) -> 1078 | AQ10: =SUMPRODUCT(($D$9:$D$25=$AQ$6)*($E$9:$E$25=$AQ$9)*$S$9:$S$25) -> 178429 | AR10: =SUMPRODUCT(($D$9:$D$25=$AQ$6)*($E$9:$E$25=$AR$9)*$S$9:$S$25) -> 0 | AS10: =SUMPRODUCT(($D$9:$D$25=$AQ$6)*($E$9:$E$25=$AS$9)*$S$9:$S$25) -> 6751 | AT10: =SUMPRODUCT(($D$9:$D$25=$AQ$6)*($E$9:$E$25=$AT$9)*$S$9:$S$25) -> 5860 | AU10: =SUMPRODUCT(($D$9:$D$25=$AQ$6)*($E$9:$E$25=$AU$9)*$S$9:$S$25) -> 0 | AV10: =SUM(AE10:AU10) -> 270303
A11: Total(到本月) | B11: =SUMPRODUCT((($V$10:$V$21)<=VALUE(B9))*($Z$10:$Z$21)) -> 270303 | D11: 生活 | E11: 住 | H11: =241+60+598 -> 899 | Q11: =10500-7000+990 -> 4490 | S11: =SUM(F11:R11) -> 5389 | V11: =$C$28 -> 202402 | W11: =T28 -> 91362 | X11: =T35 -> 9469 | Y11: =T40 -> 55526 | Z11: =W11+X11+Y11 -> 156357 | AD11: =V11 -> 202402 | AE11: =SUMPRODUCT(($D$28:$D$44=$AE$6)*($E$28:$E$44=AE$9)*$S$28:$S$44) -> 25666 | AF11: =SUMPRODUCT(($D$28:$D$44=$AE$6)*($E$28:$E$44=AF$9)*$S$28:$S$44) -> 0 | AG11: =SUMPRODUCT(($D$28:$D$44=$AE$6)*($E$28:$E$44=AG$9)*$S$28:$S$44) -> 4512 | AH11: =SUMPRODUCT(($D$28:$D$44=$AE$6)*($E$28:$E$44=AH$9)*$S$28:$S$44) -> 4665 | AI11: =SUMPRODUCT(($D$28:$D$44=$AE$6)*($E$28:$E$44=AI$9)*$S$28:$S$44) -> 50247 | AJ11: =SUMPRODUCT(($D$28:$D$44=$AE$6)*($E$28:$E$44=AJ$9)*$S$28:$S$44) -> 4672 | AK11: =SUMPRODUCT(($D$28:$D$44=$AE$6)*($E$28:$E$44=AK$9)*$S$28:$S$44) -> 1600 | AL11: =SUMPRODUCT(($D$28:$D$44=$AL$6)*($E$28:$E$44=AL$9)*$S$28:$S$44) -> 5500 | AM11: =SUMPRODUCT(($D$28:$D$44=$AL$6)*($E$28:$E$44=AM$9)*$S$28:$S$44) -> 0 | AN11: =SUMPRODUCT(($D$28:$D$44=$AL$6)*($E$28:$E$44=AN$9)*$S$28:$S$44) -> 2019 | AO11: =SUMPRODUCT(($D$28:$D$44=$AL$6)*($E$28:$E$44=AO$9)*$S$28:$S$44) -> 120 | AP11: =SUMPRODUCT(($D$28:$D$44=$AL$6)*($E$28:$E$44=AP$9)*$S$28:$S$44) -> 1830 | AQ11: =SUMPRODUCT(($D$28:$D$44=$AQ$6)*($E$28:$E$44=AQ$9)*$S$28:$S$44) -> 14523 | AR11: =SUMPRODUCT(($D$28:$D$44=$AQ$6)*($E$28:$E$44=AR$9)*$S$28:$S$44) -> 5052 | AS11: =SUMPRODUCT(($D$28:$D$44=$AQ$6)*($E$28:$E$44=AS$9)*$S$28:$S$44) -> 0 | AT11: =SUMPRODUCT(($D$28:$D$44=$AQ$6)*($E$28:$E$44=AT$9)*$S$28:$S$44) -> 6751 | AU11: =SUMPRODUCT(($D$28:$D$44=$AQ$6)*($E$28:$E$44=AU$9)*$S$28:$S$44) -> 29200 | AV11: =SUM(AE11:AU11) -> 156357
A12: YOY% | B12: =B11/SUMPRODUCT(('2024'!$V$10:$V$21<='2024'!B9)*'2023'!$Z$10:$Z$21) -> 1.2683255 | D12: 生活 | E12: 行 | F12: =100+90+100+100+10 -> 400 | H12: =601+60+598 -> 1259 | M12: 107 | Q12: =596+1498 -> 2094 | S12: =SUM(F12:R12) -> 3860 | V12: =$C$47 -> 202403 | W12: =T47 -> 145225 | X12: =T54 -> 9920 | Y12: =T59 -> 8148 | Z12: =W12+X12+Y12 -> 163293 | AD12: =V12 -> 202403 | AE12: =SUMPRODUCT(($D$47:$D$63=$AE$6)*($E$47:$E$63=AE$9)*$S$47:$S$63) -> 31843 | AF12: =SUMPRODUCT(($D$47:$D$63=$AE$6)*($E$47:$E$63=AF$9)*$S$47:$S$63) -> 3099 | AG12: =SUMPRODUCT(($D$47:$D$63=$AE$6)*($E$47:$E$63=AG$9)*$S$47:$S$63) -> 6520 | AH12: =SUMPRODUCT(($D$47:$D$63=$AE$6)*($E$47:$E$63=AH$9)*$S$47:$S$63) -> 6045 | AI12: =SUMPRODUCT(($D$47:$D$63=$AE$6)*($E$47:$E$63=AI$9)*$S$47:$S$63) -> 84591 | AJ12: =SUMPRODUCT(($D$47:$D$63=$AE$6)*($E$47:$E$63=AJ$9)*$S$47:$S$63) -> 11957 | AK12: =SUMPRODUCT(($D$47:$D$63=$AE$6)*($E$47:$E$63=AK$9)*$S$47:$S$63) -> 1170 | AL12: =SUMPRODUCT(($D$47:$D$63=$AL$6)*($E$47:$E$63=AL$9)*$S$47:$S$63) -> 7600 | AM12: =SUMPRODUCT(($D$47:$D$63=$AL$6)*($E$47:$E$63=AM$9)*$S$47:$S$63) -> 1190 | AN12: =SUMPRODUCT(($D$47:$D$63=$AL$6)*($E$47:$E$63=AN$9)*$S$47:$S$63) -> 350 | AO12: =SUMPRODUCT(($D$47:$D$63=$AL$6)*($E$47:$E$63=AO$9)*$S$47:$S$63) -> 320 | AP12: =SUMPRODUCT(($D$47:$D$63=$AL$6)*($E$47:$E$63=AP$9)*$S$47:$S$63) -> 460 | AQ12: =SUMPRODUCT(($D$47:$D$63=$AQ$6)*($E$47:$E$63=AQ$9)*$S$47:$S$63) -> 1395 | AR12: =SUMPRODUCT(($D$47:$D$63=$AQ$6)*($E$47:$E$63=AR$9)*$S$47:$S$63) -> 0 | AS12: =SUMPRODUCT(($D$47:$D$63=$AQ$6)*($E$47:$E$63=AS$9)*$S$47:$S$63) -> 0 | AT12: =SUMPRODUCT(($D$47:$D$63=$AQ$6)*($E$47:$E$63=AT$9)*$S$47:$S$63) -> 6753 | AU12: =SUMPRODUCT(($D$47:$D$63=$AQ$6)*($E$47:$E$63=AU$9)*$S$47:$S$63) -> 0 | AV12: =SUM(AE12:AU12) -> 163293
A13: Total-旅遊(本月) | B13: =B11-SUMPRODUCT((($AD$10:$AD$21)<=VALUE(B9))*($AQ$10:$AQ$21)) -> 91874 | D13: 生活 | E13: 育-基本 | F13: =11000+3200+3000+2500+2500+5800 -> 28000 | M13: 87 | S13: =SUM(F13:R13) -> 28087 | V13: =$C$66 -> 202404 | W13: =T66 -> 90131 | X13: =T73 -> 7900 | Y13: =T78 -> 41411 | Z13: =W13+X13+Y13 -> 139442 | AD13: =V13 -> 202404 | AE13: =SUMPRODUCT(($D$66:$D$82=$AE$6)*($E$66:$E$82=AE$9)*$S$66:$S$82) -> 32310 | AF13: =SUMPRODUCT(($D$66:$D$82=$AE$6)*($E$66:$E$82=AF$9)*$S$66:$S$82) -> 0 | AG13: =SUMPRODUCT(($D$66:$D$82=$AE$6)*($E$66:$E$82=AG$9)*$S$66:$S$82) -> 8552 | AH13: =SUMPRODUCT(($D$66:$D$82=$AE$6)*($E$66:$E$82=AH$9)*$S$66:$S$82) -> 3289 | AI13: =SUMPRODUCT(($D$66:$D$82=$AE$6)*($E$66:$E$82=AI$9)*$S$66:$S$82) -> 35500 | AJ13: =SUMPRODUCT(($D$66:$D$82=$AE$6)*($E$66:$E$82=AJ$9)*$S$66:$S$82) -> 9580 | AK13: =SUMPRODUCT(($D$66:$D$82=$AE$6)*($E$66:$E$82=AK$9)*$S$66:$S$82) -> 900 | AL13: =SUMPRODUCT(($D$66:$D$82=$AL$6)*($E$66:$E$82=AL$9)*$S$66:$S$82) -> 6090 | AM13: =SUMPRODUCT(($D$66:$D$82=$AL$6)*($E$66:$E$82=AM$9)*$S$66:$S$82) -> 0 | AN13: =SUMPRODUCT(($D$66:$D$82=$AL$6)*($E$66:$E$82=AN$9)*$S$66:$S$82) -> 1070 | AO13: =SUMPRODUCT(($D$66:$D$82=$AL$6)*($E$66:$E$82=AO$9)*$S$66:$S$82) -> 740 | AP13: =SUMPRODUCT(($D$66:$D$82=$AL$6)*($E$66:$E$82=AP$9)*$S$66:$S$82) -> 0 | AQ13: =SUMPRODUCT(($D$66:$D$82=$AQ$6)*($E$66:$E$82=AQ$9)*$S$66:$S$82) -> 9315 | AR13: =SUMPRODUCT(($D$66:$D$82=$AQ$6)*($E$66:$E$82=AR$9)*$S$66:$S$82) -> 0 | AS13: =SUMPRODUCT(($D$66:$D$82=$AQ$6)*($E$66:$E$82=AS$9)*$S$66:$S$82) -> 25115 | AT13: =SUMPRODUCT(($D$66:$D$82=$AQ$6)*($E$66:$E$82=AT$9)*$S$66:$S$82) -> 6751 | AU13: =SUMPRODUCT(($D$66:$D$82=$AQ$6)*($E$66:$E$82=AU$9)*$S$66:$S$82) -> 230 | AV13: =SUM(AE13:AU13) -> 139442
A14: 實際占預計支出% | B14: =B11/($J$2*12) -> 0.12175811 | D14: 生活 | E14: 育-才藝 | F14: =9900+1800 -> 11700 | S14: =SUM(F14:R14) -> 11700 | V14: =$C$85 -> 202405 | W14: =T85 -> 98046 | X14: =T92 -> 15200 | Y14: =T97 -> 60498 | Z14: =W14+X14+Y14 -> 173744 | AD14: =V14 -> 202405 | AE14: =SUMPRODUCT(($D$85:$D$101=$AE$6)*($E$85:$E$101=AE$9)*$S$85:$S$101) -> 29056 | AF14: =SUMPRODUCT(($D$85:$D$101=$AE$6)*($E$85:$E$101=AF$9)*$S$85:$S$101) -> 1000 | AG14: =SUMPRODUCT(($D$85:$D$101=$AE$6)*($E$85:$E$101=AG$9)*$S$85:$S$101) -> 5446 | AH14: =SUMPRODUCT(($D$85:$D$101=$AE$6)*($E$85:$E$101=AH$9)*$S$85:$S$101) -> 6404 | AI14: =SUMPRODUCT(($D$85:$D$101=$AE$6)*($E$85:$E$101=AI$9)*$S$85:$S$101) -> 18840 | AJ14: =SUMPRODUCT(($D$85:$D$101=$AE$6)*($E$85:$E$101=AJ$9)*$S$85:$S$101) -> 37300 | AK14: =SUMPRODUCT(($D$85:$D$101=$AE$6)*($E$85:$E$101=AK$9)*$S$85:$S$101) -> 0 | AL14: =SUMPRODUCT(($D$85:$D$101=$AL$6)*($E$85:$E$101=AL$9)*$S$85:$S$101) -> 6030 | AM14: =SUMPRODUCT(($D$85:$D$101=$AL$6)*($E$85:$E$101=AM$9)*$S$85:$S$101) -> 7370 | AN14: =SUMPRODUCT(($D$85:$D$101=$AL$6)*($E$85:$E$101=AN$9)*$S$85:$S$101) -> 760 | AO14: =SUMPRODUCT(($D$85:$D$101=$AL$6)*($E$85:$E$101=AO$9)*$S$85:$S$101) -> 1040 | AP14: =SUMPRODUCT(($D$85:$D$101=$AL$6)*($E$85:$E$101=AP$9)*$S$85:$S$101) -> 0 | AQ14: =SUMPRODUCT(($D$85:$D$101=$AQ$6)*($E$85:$E$101=AQ$9)*$S$85:$S$101) -> 5300 | AR14: =SUMPRODUCT(($D$85:$D$101=$AQ$6)*($E$85:$E$101=AR$9)*$S$85:$S$101) -> 7920 | AS14: =SUMPRODUCT(($D$85:$D$101=$AQ$6)*($E$85:$E$101=AS$9)*$S$85:$S$101) -> 39527 | AT14: =SUMPRODUCT(($D$85:$D$101=$AQ$6)*($E$85:$E$101=AT$9)*$S$85:$S$101) -> 6751 | AU14: =SUMPRODUCT(($D$85:$D$101=$AQ$6)*($E$85:$E$101=AU$9)*$S$85:$S$101) -> 1000 | AV14: =SUM(AE14:AU14) -> 173744
A15: 預計支出% | B15: =VALUE(RIGHT(B9,2))/12 -> 0.083333333 | D15: 生活 | E15: 醫療費用 | F15: =200 -> 200 | H15: 2100 | S15: =SUM(F15:R15) -> 2300 | V15: =$C$104 -> 202406 | W15: =T104 -> 89519 | X15: =T111 -> 3949 | Y15: =T116 -> 18015 | Z15: =W15+X15+Y15 -> 111483 | AD15: =V15 -> 202406 | AE15: =SUMPRODUCT(($D$104:$D$120=$AE$6)*($E$104:$E$120=AE$9)*$S$104:$S$120) -> 35116 | AF15: =SUMPRODUCT(($D$104:$D$120=$AE$6)*($E$104:$E$120=AF$9)*$S$104:$S$120) -> 5157 | AG15: =SUMPRODUCT(($D$104:$D$120=$AE$6)*($E$104:$E$120=AG$9)*$S$104:$S$120) -> 7267 | AH15: =SUMPRODUCT(($D$104:$D$120=$AE$6)*($E$104:$E$120=AH$9)*$S$104:$S$120) -> 4979 | AI15: =SUMPRODUCT(($D$104:$D$120=$AE$6)*($E$104:$E$120=AI$9)*$S$104:$S$120) -> 22616 | AJ15: =SUMPRODUCT(($D$104:$D$120=$AE$6)*($E$104:$E$120=AJ$9)*$S$104:$S$120) -> 12664 | AK15: =SUMPRODUCT(($D$104:$D$120=$AE$6)*($E$104:$E$120=AK$9)*$S$104:$S$120) -> 1720 | AL15: =SUMPRODUCT(($D$104:$D$120=$AL$6)*($E$104:$E$120=AL$9)*$S$104:$S$120) -> 350 | AM15: =SUMPRODUCT(($D$104:$D$120=$AL$6)*($E$104:$E$120=AM$9)*$S$104:$S$120) -> 0 | AN15: =SUMPRODUCT(($D$104:$D$120=$AL$6)*($E$104:$E$120=AN$9)*$S$104:$S$120) -> 2419 | AO15: =SUMPRODUCT(($D$104:$D$120=$AL$6)*($E$104:$E$120=AO$9)*$S$104:$S$120) -> 540 | AP15: =SUMPRODUCT(($D$104:$D$120=$AL$6)*($E$104:$E$120=AP$9)*$S$104:$S$120) -> 640 | AQ15: =SUMPRODUCT(($D$104:$D$120=$AQ$6)*($E$104:$E$120=AQ$9)*$S$104:$S$120) -> 650 | AR15: =SUMPRODUCT(($D$104:$D$120=$AQ$6)*($E$104:$E$120=AR$9)*$S$104:$S$120) -> 1365 | AS15: =SUMPRODUCT(($D$104:$D$120=$AQ$6)*($E$104:$E$120=AS$9)*$S$104:$S$120) -> 0 | AT15: =SUMPRODUCT(($D$104:$D$120=$AQ$6)*($E$104:$E$120=AT$9)*$S$104:$S$120) -> 0 | AU15: =SUMPRODUCT(($D$104:$D$120=$AQ$6)*($E$104:$E$120=AU$9)*$S$104:$S$120) -> 16000 | AV15: =SUM(AE15:AU15) -> 111483
A16: 剩餘/超支 $$ | B16: =B10*VALUE(RIGHT(B9,2))-B11 -> -85303 | D16: 想要&奢侈品 | E16: N | F16: =4697+423+900 -> 6020 | S16: =SUM(F16:R16) -> 6020 | T16: =SUM(S16:S20) -> 9116 | V16: =$C$123 -> 202407 | W16: =T123 -> 72519 | X16: =T130 -> 36940 | Y16: =T135 -> 29589 | Z16: =W16+X16+Y16 -> 139048 | AD16: =V16 -> 202407 | AE16: =SUMPRODUCT(($D$123:$D$139=$AE$6)*($E$123:$E$139=AE$9)*$S$123:$S$139) -> 35307 | AF16: =SUMPRODUCT(($D$123:$D$139=$AE$6)*($E$123:$E$139=AF$9)*$S$123:$S$139) -> 2400 | AG16: =SUMPRODUCT(($D$123:$D$139=$AE$6)*($E$123:$E$139=AG$9)*$S$123:$S$139) -> 7629 | AH16: =SUMPRODUCT(($D$123:$D$139=$AE$6)*($E$123:$E$139=AH$9)*$S$123:$S$139) -> 9133 | AI16: =SUMPRODUCT(($D$123:$D$139=$AE$6)*($E$123:$E$139=AI$9)*$S$123:$S$139) -> 11000 | AJ16: =SUMPRODUCT(($D$123:$D$139=$AE$6)*($E$123:$E$139=AJ$9)*$S$123:$S$139) -> 7050 | AK16: =SUMPRODUCT(($D$123:$D$139=$AE$6)*($E$123:$E$139=AK$9)*$S$123:$S$139) -> 0 | AL16: =SUMPRODUCT(($D$123:$D$139=$AL$6)*($E$123:$E$139=AL$9)*$S$123:$S$139) -> 36590 | AM16: =SUMPRODUCT(($D$123:$D$139=$AL$6)*($E$123:$E$139=AM$9)*$S$123:$S$139) -> 0 | AN16: =SUMPRODUCT(($D$123:$D$139=$AL$6)*($E$123:$E$139=AN$9)*$S$123:$S$139) -> 0 | AO16: =SUMPRODUCT(($D$123:$D$139=$AL$6)*($E$123:$E$139=AO$9)*$S$123:$S$139) -> 0 | AP16: =SUMPRODUCT(($D$123:$D$139=$AL$6)*($E$123:$E$139=AP$9)*$S$123:$S$139) -> 350 | AQ16: =SUMPRODUCT(($D$123:$D$139=$AQ$6)*($E$123:$E$139=AQ$9)*$S$123:$S$139) -> 18703 | AR16: =SUMPRODUCT(($D$123:$D$139=$AQ$6)*($E$123:$E$139=AR$9)*$S$123:$S$139) -> 4606 | AS16: =SUMPRODUCT(($D$123:$D$139=$AQ$6)*($E$123:$E$139=AS$9)*$S$123:$S$139) -> 6180 | AT16: =SUMPRODUCT(($D$123:$D$139=$AQ$6)*($E$123:$E$139=AT$9)*$S$123:$S$139) -> 0 | AU16: =SUMPRODUCT(($D$123:$D$139=$AQ$6)*($E$123:$E$139=AU$9)*$S$123:$S$139) -> 100 | AV16: =SUM(AE16:AU16) -> 139048
A17: 剩餘/超支 $$(本月) | B17: =$J$2-(S26) -> -85303 | D17: 想要&奢侈品 | E17: A | S17: =SUM(F17:R17) -> 0 | V17: =$C$142 -> 202408 | W17: =T142 -> 28457 | X17: =T149 -> 802 | Y17: =T154 -> 483914.5 | Z17: =W17+X17+Y17 -> 513173.5 | AD17: =V17 -> 202408 | AE17: =SUMPRODUCT(($D$142:$D$158=$AE$6)*($E$142:$E$158=AE$9)*$S$142:$S$158) -> 16810 | AF17: =SUMPRODUCT(($D$142:$D$158=$AE$6)*($E$142:$E$158=AF$9)*$S$142:$S$158) -> 0 | AG17: =SUMPRODUCT(($D$142:$D$158=$AE$6)*($E$142:$E$158=AG$9)*$S$142:$S$158) -> 4799 | AH17: =SUMPRODUCT(($D$142:$D$158=$AE$6)*($E$142:$E$158=AH$9)*$S$142:$S$158) -> 4068 | AI17: =SUMPRODUCT(($D$142:$D$158=$AE$6)*($E$142:$E$158=AI$9)*$S$142:$S$158) -> 2780 | AJ17: =SUMPRODUCT(($D$142:$D$158=$AE$6)*($E$142:$E$158=AJ$9)*$S$142:$S$158) -> 0 | AK17: =SUMPRODUCT(($D$142:$D$158=$AE$6)*($E$142:$E$158=AK$9)*$S$142:$S$158) -> 0 | AL17: =SUMPRODUCT(($D$142:$D$158=$AL$6)*($E$142:$E$158=AL$9)*$S$142:$S$158) -> 0 | AM17: =SUMPRODUCT(($D$142:$D$158=$AL$6)*($E$142:$E$158=AM$9)*$S$142:$S$158) -> 0 | AN17: =SUMPRODUCT(($D$142:$D$158=$AL$6)*($E$142:$E$158=AN$9)*$S$142:$S$158) -> 0 | AO17: =SUMPRODUCT(($D$142:$D$158=$AL$6)*($E$142:$E$158=AO$9)*$S$142:$S$158) -> 0 | AP17: =SUMPRODUCT(($D$142:$D$158=$AL$6)*($E$142:$E$158=AP$9)*$S$142:$S$158) -> 802 | AQ17: =SUMPRODUCT(($D$142:$D$158=$AQ$6)*($E$142:$E$158=AQ$9)*$S$142:$S$158) -> 482895.5 | AR17: =SUMPRODUCT(($D$142:$D$158=$AQ$6)*($E$142:$E$158=AR$9)*$S$142:$S$158) -> 0 | AS17: =SUMPRODUCT(($D$142:$D$158=$AQ$6)*($E$142:$E$158=AS$9)*$S$142:$S$158) -> 0 | AT17: =SUMPRODUCT(($D$142:$D$158=$AQ$6)*($E$142:$E$158=AT$9)*$S$142:$S$158) -> 1019 | AU17: =SUMPRODUCT(($D$142:$D$158=$AQ$6)*($E$142:$E$158=AU$9)*$S$142:$S$158) -> 0 | AV17: =SUM(AE17:AU17) -> 513173.5
D18: 想要&奢侈品 | E18: L | F18: 20 | H18: 1199 | S18: =SUM(F18:R18) -> 1219 | V18: =$C$161 -> 202409 | W18: =T161 -> 115276 | X18: =T168 -> 1900 | Y18: =T173 -> 156326 | Z18: =W18+X18+Y18 -> 273502 | AD18: =V18 -> 202409 | AE18: =SUMPRODUCT(($D$161:$D$177=$AE$6)*($E$161:$E$177=AE$9)*$S$161:$S$177) -> 23248 | AF18: =SUMPRODUCT(($D$161:$D$177=$AE$6)*($E$161:$E$177=AF$9)*$S$161:$S$177) -> 649 | AG18: =SUMPRODUCT(($D$161:$D$177=$AE$6)*($E$161:$E$177=AG$9)*$S$161:$S$177) -> 12200 | AH18: =SUMPRODUCT(($D$161:$D$177=$AE$6)*($E$161:$E$177=AH$9)*$S$161:$S$177) -> 8222 | AI18: =SUMPRODUCT(($D$161:$D$177=$AE$6)*($E$161:$E$177=AI$9)*$S$161:$S$177) -> 59186 | AJ18: =SUMPRODUCT(($D$161:$D$177=$AE$6)*($E$161:$E$177=AJ$9)*$S$161:$S$177) -> 11271 | AK18: =SUMPRODUCT(($D$161:$D$177=$AE$6)*($E$161:$E$177=AK$9)*$S$161:$S$177) -> 500 | AL18: =SUMPRODUCT(($D$161:$D$177=$AL$6)*($E$161:$E$177=AL$9)*$S$161:$S$177) -> 1900 | AM18: =SUMPRODUCT(($D$161:$D$177=$AL$6)*($E$161:$E$177=AM$9)*$S$161:$S$177) -> 0 | AN18: =SUMPRODUCT(($D$161:$D$177=$AL$6)*($E$161:$E$177=AN$9)*$S$161:$S$177) -> 0 | AO18: =SUMPRODUCT(($D$161:$D$177=$AL$6)*($E$161:$E$177=AO$9)*$S$161:$S$177) -> 0 | AP18: =SUMPRODUCT(($D$161:$D$177=$AL$6)*($E$161:$E$177=AP$9)*$S$161:$S$177) -> 0 | AQ18: =SUMPRODUCT(($D$161:$D$177=$AQ$6)*($E$161:$E$177=AQ$9)*$S$161:$S$177) -> 156326 | AR18: =SUMPRODUCT(($D$161:$D$177=$AQ$6)*($E$161:$E$177=AR$9)*$S$161:$S$177) -> 0 | AS18: =SUMPRODUCT(($D$161:$D$177=$AQ$6)*($E$161:$E$177=AS$9)*$S$161:$S$177) -> 0 | AT18: =SUMPRODUCT(($D$161:$D$177=$AQ$6)*($E$161:$E$177=AT$9)*$S$161:$S$177) -> 0 | AU18: =SUMPRODUCT(($D$161:$D$177=$AQ$6)*($E$161:$E$177=AU$9)*$S$161:$S$177) -> 0 | AV18: =SUM(AE18:AU18) -> 273502
D19: 想要&奢侈品 | E19: D | H19: 799 | S19: =SUM(F19:R19) -> 799 | V19: =$C$180 -> 202410 | W19: =T180 -> 73556 | X19: =T187 -> 1605 | Y19: =T192 -> 10666 | Z19: =W19+X19+Y19 -> 85827 | AD19: =V19 -> 202410 | AE19: =SUMPRODUCT(($D$180:$D$196=$AE$6)*($E$180:$E$196=AE$9)*$S$180:$S$196) -> 29203 | AF19: =SUMPRODUCT(($D$180:$D$196=$AE$6)*($E$180:$E$196=AF$9)*$S$180:$S$196) -> 787 | AG19: =SUMPRODUCT(($D$180:$D$196=$AE$6)*($E$180:$E$196=AG$9)*$S$180:$S$196) -> 6581 | AH19: =SUMPRODUCT(($D$180:$D$196=$AE$6)*($E$180:$E$196=AH$9)*$S$180:$S$196) -> 15571 | AI19: =SUMPRODUCT(($D$180:$D$196=$AE$6)*($E$180:$E$196=AI$9)*$S$180:$S$196) -> 11200 | AJ19: =SUMPRODUCT(($D$180:$D$196=$AE$6)*($E$180:$E$196=AJ$9)*$S$180:$S$196) -> 9464 | AK19: =SUMPRODUCT(($D$180:$D$196=$AE$6)*($E$180:$E$196=AK$9)*$S$180:$S$196) -> 750 | AL19: =SUMPRODUCT(($D$180:$D$196=$AL$6)*($E$180:$E$196=AL$9)*$S$180:$S$196) -> 0 | AM19: =SUMPRODUCT(($D$180:$D$196=$AL$6)*($E$180:$E$196=AM$9)*$S$180:$S$196) -> 0 | AN19: =SUMPRODUCT(($D$180:$D$196=$AL$6)*($E$180:$E$196=AN$9)*$S$180:$S$196) -> 0 | AO19: =SUMPRODUCT(($D$180:$D$196=$AL$6)*($E$180:$E$196=AO$9)*$S$180:$S$196) -> 0 | AP19: =SUMPRODUCT(($D$180:$D$196=$AL$6)*($E$180:$E$196=AP$9)*$S$180:$S$196) -> 1605 | AQ19: =SUMPRODUCT(($D$180:$D$196=$AQ$6)*($E$180:$E$196=AQ$9)*$S$180:$S$196) -> 3630 | AR19: =SUMPRODUCT(($D$180:$D$196=$AQ$6)*($E$180:$E$196=AR$9)*$S$180:$S$196) -> 780 | AS19: =SUMPRODUCT(($D$180:$D$196=$AQ$6)*($E$180:$E$196=AS$9)*$S$180:$S$196) -> 0 | AT19: =SUMPRODUCT(($D$180:$D$196=$AQ$6)*($E$180:$E$196=AT$9)*$S$180:$S$196) -> 6256 | AU19: =SUMPRODUCT(($D$180:$D$196=$AQ$6)*($E$180:$E$196=AU$9)*$S$180:$S$196) -> 0 | AV19: =SUM(AE19:AU19) -> 85827
D20: 想要&奢侈品 | E20: 其它 | F20: 200 | H20: 878 | S20: =SUM(F20:R20) -> 1078 | V20: =$C$199 -> 202411 | W20: =T199 -> 61366 | X20: =T206 -> 14122 | Y20: =T211 -> 34828.73 | Z20: =W20+X20+Y20 -> 110316.73 | AD20: =V20 -> 202411 | AE20: =SUMPRODUCT(($D$199:$D$215=$AE$6)*($E$199:$E$215=AE$9)*$S$199:$S$215) -> 24246 | AF20: =SUMPRODUCT(($D$199:$D$215=$AE$6)*($E$199:$E$215=AF$9)*$S$199:$S$215) -> 5545 | AG20: =SUMPRODUCT(($D$199:$D$215=$AE$6)*($E$199:$E$215=AG$9)*$S$199:$S$215) -> 4463 | AH20: =SUMPRODUCT(($D$199:$D$215=$AE$6)*($E$199:$E$215=AH$9)*$S$199:$S$215) -> 7061 | AI20: =SUMPRODUCT(($D$199:$D$215=$AE$6)*($E$199:$E$215=AI$9)*$S$199:$S$215) -> 11494 | AJ20: =SUMPRODUCT(($D$199:$D$215=$AE$6)*($E$199:$E$215=AJ$9)*$S$199:$S$215) -> 7667 | AK20: =SUMPRODUCT(($D$199:$D$215=$AE$6)*($E$199:$E$215=AK$9)*$S$199:$S$215) -> 890 | AL20: =SUMPRODUCT(($D$199:$D$215=$AL$6)*($E$199:$E$215=AL$9)*$S$199:$S$215) -> 0 | AM20: =SUMPRODUCT(($D$199:$D$215=$AL$6)*($E$199:$E$215=AM$9)*$S$199:$S$215) -> 9000 | AN20: =SUMPRODUCT(($D$199:$D$215=$AL$6)*($E$199:$E$215=AN$9)*$S$199:$S$215) -> 2330 | AO20: =SUMPRODUCT(($D$199:$D$215=$AL$6)*($E$199:$E$215=AO$9)*$S$199:$S$215) -> 2592 | AP20: =SUMPRODUCT(($D$199:$D$215=$AL$6)*($E$199:$E$215=AP$9)*$S$199:$S$215) -> 200 | AQ20: =SUMPRODUCT(($D$199:$D$215=$AQ$6)*($E$199:$E$215=AQ$9)*$S$199:$S$215) -> 14252.73 | AR20: =SUMPRODUCT(($D$199:$D$215=$AQ$6)*($E$199:$E$215=AR$9)*$S$199:$S$215) -> 3575 | AS20: =SUMPRODUCT(($D$199:$D$215=$AQ$6)*($E$199:$E$215=AS$9)*$S$199:$S$215) -> 2093 | AT20: =SUMPRODUCT(($D$199:$D$215=$AQ$6)*($E$199:$E$215=AT$9)*$S$199:$S$215) -> 14908 | AU20: =SUMPRODUCT(($D$199:$D$215=$AQ$6)*($E$199:$E$215=AU$9)*$S$199:$S$215) -> 0 | AV20: =SUM(AE20:AU20) -> 110316.73
D21: 一次性支出 | E21: 旅遊 | F21: =360+270+140+150+505+180+170+50+100+100+60+70+30+110+40+100+150+1110+7500+120+100+160+350+300+100+160+330+190+200+150+50+125+807 -> 14337 | H21: =9340+5228+3006+5600+7935+7200+55+95+2860+160 -> 41479 | J21: 7090 | L21: 104295 | M21: =220+100+20+1314+1094 -> 2748 | O21: =7180+1000+300 -> 8480 | S21: =SUM(F21:R21) -> 178429 | T21: =SUM(S21:S25) -> 191040 | V21: =$C$218 -> 202412 | W21: =T218 -> 66002.333 | X21: =T225 -> 15702 | Y21: =T230 -> 3408 | Z21: =W21+X21+Y21 -> 85112.333 | AD21: =V21 -> 202412 | AE21: =SUMPRODUCT(($D$218:$D$234=$AE$6)*($E$218:$E$234=AE$9)*$S$218:$S$234) -> 27969 | AF21: =SUMPRODUCT(($D$218:$D$234=$AE$6)*($E$218:$E$234=AF$9)*$S$218:$S$234) -> 1928 | AG21: =SUMPRODUCT(($D$218:$D$234=$AE$6)*($E$218:$E$234=AG$9)*$S$218:$S$234) -> 6026 | AH21: =SUMPRODUCT(($D$218:$D$234=$AE$6)*($E$218:$E$234=AH$9)*$S$218:$S$234) -> 5418 | AI21: =SUMPRODUCT(($D$218:$D$234=$AE$6)*($E$218:$E$234=AI$9)*$S$218:$S$234) -> 11200 | AJ21: =SUMPRODUCT(($D$218:$D$234=$AE$6)*($E$218:$E$234=AJ$9)*$S$218:$S$234) -> 6710 | AK21: =SUMPRODUCT(($D$218:$D$234=$AE$6)*($E$218:$E$234=AK$9)*$S$218:$S$234) -> 6751.3333 | AL21: =SUMPRODUCT(($D$218:$D$234=$AL$6)*($E$218:$E$234=AL$9)*$S$218:$S$234) -> 3382 | AM21: =SUMPRODUCT(($D$218:$D$234=$AL$6)*($E$218:$E$234=AM$9)*$S$218:$S$234) -> 3950 | AN21: =SUMPRODUCT(($D$218:$D$234=$AL$6)*($E$218:$E$234=AN$9)*$S$218:$S$234) -> 2000 | AO21: =SUMPRODUCT(($D$218:$D$234=$AL$6)*($E$218:$E$234=AO$9)*$S$218:$S$234) -> 2000 | AP21: =SUMPRODUCT(($D$218:$D$234=$AL$6)*($E$218:$E$234=AP$9)*$S$218:$S$234) -> 4370 | AQ21: =SUMPRODUCT(($D$218:$D$234=$AQ$6)*($E$218:$E$234=AQ$9)*$S$218:$S$234) -> 1000 | AR21: =SUMPRODUCT(($D$218:$D$234=$AQ$6)*($E$218:$E$234=AR$9)*$S$218:$S$234) -> 2408 | AS21: =SUMPRODUCT(($D$218:$D$234=$AQ$6)*($E$218:$E$234=AS$9)*$S$218:$S$234) -> 0 | AT21: =SUMPRODUCT(($D$218:$D$234=$AQ$6)*($E$218:$E$234=AT$9)*$S$218:$S$234) -> 0 | AU21: =SUMPRODUCT(($D$218:$D$234=$AQ$6)*($E$218:$E$234=AU$9)*$S$218:$S$234) -> 0 | AV21: =SUM(AE21:AU21) -> 85112.333
D22: 一次性支出 | E22: 家庭聚會 | S22: =SUM(F22:R22) -> 0
D23: 一次性支出 | E23: 稅費 | Q23: 6751 | S23: =SUM(F23:R23) -> 6751
D24: 一次性支出 | E24: 保險 | H24: 5860 | S24: =SUM(F24:R24) -> 5860
D25: 一次性支出 | E25: 其它 | S25: =SUM(F25:R25) -> 0
D26: Total | E26: Total | F26: =SUM(F9:F25) -> 64651 | G26: =SUM(G9:G25) -> 0 | H26: =SUM(H9:H25) -> 58410 | I26: =SUM(I9:I25) -> 420 | J26: =SUM(J9:J25) -> 7090 | K26: =SUM(K9:K25) -> 0 | L26: =SUM(L9:L25) -> 104295 | M26: =SUM(M9:M25) -> 4382 | ... S26: =SUM(S9:S25) -> 270303
A28: 月份 | B28: =B9+1 -> 202402 | C28: 202402 | D28: 生活 | E28: 食 | F28: =199+60+55+900+1055+175+330+1290+570+55+95+95+620+192 -> 5691 | H28: =500+120+500+48+114+49+49+541+59+20+48+319+20+275+180+75+117+125+155+79+280+1381 -> 5054 | I28: =114+280+150+173+75+110+180+145+350+90+75+30 -> 1772 | J28: 68 | L28: 10 | M28: =949+760+310+116+77+80+120+95+590+460+130+650 -> 4337 | O28: =280+299+155 -> 734 | Q28: =2000+2000+0+2000+2000 -> 8000 | S28: =SUM(F28:R28) -> 25666 | T28: =SUM(S28:S34) -> 91362
A29: 預計支出/月 | B29: =$J$2 -> 185000 | D29: 生活 | E29: 衣 | S29: =SUM(F29:R29) -> 0
A30: Total(到本月) | B30: =SUMPRODUCT((($V$10:$V$21)<=VALUE(B28))*($Z$10:$Z$21)) -> 426660 | D30: 生活 | E30: 住 | H30: =185+827 -> 1012 | Q30: =10500-7000 -> 3500 | S30: =SUM(F30:R30) -> 4512
A31: YOY% | B31: =B30/SUMPRODUCT(('2024'!$V$10:$V$21<='2024'!B28)*'2023'!$Z$10:$Z$21) -> 1.0489464 | D31: 生活 | E31: 行 | F31: =38+40+100+100+300+50 -> 628 | H31: =591+64+175+500+400 -> 1730 | I31: =38+599 -> 637 | Q31: =596+1074 -> 1670 | S31: =SUM(F31:R31) -> 4665
A32: Total-旅遊(本月) | B32: =B30-SUMPRODUCT((($AD$10:$AD$21)<=VALUE(B28))*($AQ$10:$AQ$21)) -> 233708 | D32: 生活 | E32: 育-基本 | F32: =36000+11000+6795+2000-5000-548 -> 50247 | S32: =SUM(F32:R32) -> 50247
A33: 實際占預計支出% | B33: =B30/($J$2*12) -> 0.19218919 | D33: 生活 | E33: 育-才藝 | F33: =1800+2872 -> 4672 | S33: =SUM(F33:R33) -> 4672
A34: 支出% | B34: =VALUE(RIGHT(B28,2))/12 -> 0.16666667 | D34: 生活 | E34: 醫療費用 | F34: 1600 | S34: =SUM(F34:R34) -> 1600
A35: 剩餘/超支 $$ | B35: =B29*VALUE(RIGHT(B28,2))-B30 -> -56660 | D35: 想要&奢侈品 | E35: N | F35: 5500 | S35: =SUM(F35:R35) -> 5500 | T35: =SUM(S35:S39) -> 9469
A36: 剩餘/超支 $$(本月) | B36: =$J$2-(S45) -> 28643 | D36: 想要&奢侈品 | E36: A | S36: =SUM(G36:R36) -> 0
D37: 想要&奢侈品 | E37: L | F37: =499+900+60+60 -> 1519 | O37: 500 | S37: =SUM(F37:R37) -> 2019
D38: 想要&奢侈品 | E38: D | F38: =60+60 -> 120 | S38: =SUM(F38:R38) -> 120
D39: 想要&奢侈品 | E39: 其它 | F39: 480 | H39: 1350 | S39: =SUM(F39:R39) -> 1830
D40: 一次性支出 | E40: 旅遊 | F40: =345+355+130+100+80+60+75+40+45+40+100+70+190+275+40+300+100+40+150+50+200+60+205+100+100+100+200+180+300+60+400+40+80 -> 4610 | H40: =2853+43+78+145+1050+55+50+23+250+78+40+60+108+145+400+120+100 -> 5598 | M40: =1400+1139+126+1300 -> 3965 | O40: 350 | S40: =SUM(F40:R40) -> 14523 | T40: =SUM(S40:S44) -> 55526
D41: 一次性支出 | E41: 家庭聚會 | H41: 835 | M41: 2717 | O41: 1500 | S41: =SUM(F41:R41) -> 5052
D42: 一次性支出 | E42: 稅費 | S42: =SUM(F42:R42) -> 0
D43: 一次性支出 | E43: 保險 | Q43: 6751 | S43: =SUM(F43:R43) -> 6751
D44: 一次性支出 | E44: 其它 | Q44: =12000+8000-400+24000-3600*4 -> 29200 | S44: =SUM(F44:R44) -> 29200
D45: Total | E45: Total | F45: =SUM(F28:F44) -> 75067 | G45: =SUM(G28:G44) -> 0 | H45: =SUM(H28:H44) -> 15579 | I45: =SUM(I28:I44) -> 2409 | J45: =SUM(J28:J44) -> 68 | K45: =SUM(K28:K44) -> 0 | L45: =SUM(L28:L44) -> 10 | M45: =SUM(M28:M44) -> 11019 | ... S45: =SUM(S28:S44) -> 156357
A47: 月份 | B47: =B28+1 -> 202403 | C47: 202403 | D47: 生活 | E47: 食 | F47: =304+103+210+612+50+80+195+30+60+29+18+10+45+150+110+295+80+60+440+45+175+30+340+55+140+160+240+35+35+335+100+149+50+120+85+55+20+230+800+300+250+834+300+140+138+70+150+80+100 -> 8442 | H47: =20+100+395+35+365+44+400+130+24+55+65+65+60+44+64 -> 1866 | I47: 40 | J47: =98+58 -> 156 | L47: =10+25+45+169+625+84+197+49 -> 1204 | M47: =200+60+135+445+391+599+185+135+2211+270+75+235+210+138+184+952+140+354+50+90+100+2463+200+210+184+140 -> 10356 | O47: =260+150+130+230+104 -> 874 | P47: 905 | Q47: =2000+2000+2000+2000 -> 8000 | S47: =SUM(F47:R47) -> 31843 | T47: =SUM(S47:S53) -> 145225
A48: 預計支出/月 | B48: =$J$2 -> 185000 | D48: 生活 | E48: 衣 | M48: 99 | Q48: 3000 | S48: =SUM(F48:R48) -> 3099
A49: Total(到本月) | B49: =SUMPRODUCT((($V$10:$V$21)<=VALUE(B47))*($Z$10:$Z$21)) -> 589953 | D49: 生活 | E49: 住 | H49: =572+564+399+26 -> 1561 | M49: =1329+130 -> 1459 | Q49: =10500-7000 -> 3500 | S49: =SUM(F49:R49) -> 6520
A50: YOY% | B50: =B49/SUMPRODUCT(('2024'!$V$10:$V$21<='2024'!B47)*'2023'!$Z$10:$Z$21) -> 0.99156598 | D50: 生活 | E50: 行 | F50: =100+100+75+400+100+90 -> 865 | H50: =500+600+57+10 -> 1167 | M50: =87+115+90+100+1460 -> 1852 | Q50: =596+1565 -> 2161 | S50: =SUM(F50:R50) -> 6045
A51: Total-旅遊(本月) | B51: =B49-SUMPRODUCT((($AD$10:$AD$21)<=VALUE(B47))*($AQ$10:$AQ$21)) -> 395606 | D51: 生活 | E51: 育-基本 | F51: =11000+1500+30000+36700-20000+2000+18225 -> 79425 | H51: =1589+3577 -> 5166 | S51: =SUM(F51:R51) -> 84591
A52: 實際占預計支出% | B52: =B49/($J$2*12) -> 0.26574459 | D52: 生活 | E52: 育-才藝 | F52: =550+5867+2700+1800+850+190 -> 11957 | S52: =SUM(F52:R52) -> 11957
A53: 支出% | B53: =VALUE(RIGHT(B47,2))/12 -> 0.25 | D53: 生活 | E53: 醫療費用 | F53: =90+1080 -> 1170 | S53: =SUM(F53:R53) -> 1170
A54: 剩餘/超支 $$ | B54: =B48*VALUE(RIGHT(B47,2))-B49 -> -34953 | D54: 想要&奢侈品 | E54: N | F54: 5500 | O54: =400+1700 -> 2100 | S54: =SUM(F54:R54) -> 7600 | T54: =SUM(S54:S58) -> 9920
A55: 剩餘/超支 $$(本月) | B55: =$J$2-(S64) -> 21707 | D55: 想要&奢侈品 | E55: A | O55: =400+790 -> 1190 | S55: =SUM(F55:R55) -> 1190
D56: 想要&奢侈品 | E56: L | F56: =100+30+30+100+90 -> 350 | S56: =SUM(F56:R56) -> 350
D57: 想要&奢侈品 | E57: D | F57: =100+30+30+100+60 -> 320 | S57: =SUM(F57:R57) -> 320
D58: 想要&奢侈品 | E58: 其它 | F58: 460 | S58: =SUM(F58:R58) -> 460
D59: 一次性支出 | E59: 旅遊 | F59: =9998-9698 -> 300 | M59: 1095 | S59: =SUM(F59:R59) -> 1395 | T59: =SUM(S59:S63) -> 8148
D60: 一次性支出 | E60: 家庭聚會 | S60: =SUM(F60:R60) -> 0
D61: 一次性支出 | E61: 稅費 | S61: =SUM(F61:R61) -> 0
D62: 一次性支出 | E62: 保險 | Q62: 6753 | S62: =SUM(F62:R62) -> 6753
D63: 一次性支出 | E63: 其它 | S63: =SUM(F63:R63) -> 0
D64: Total | E64: Total | F64: =SUM(F47:F63) -> 108789 | G64: =SUM(G47:G63) -> 0 | H64: =SUM(H47:H63) -> 9760 | I64: =SUM(I47:I63) -> 40 | J64: =SUM(J47:J63) -> 156 | K64: =SUM(K47:K63) -> 0 | L64: =SUM(L47:L63) -> 1204 | M64: =SUM(M47:M63) -> 14861 | ... S64: =SUM(S47:S63) -> 163293
A66: 月份 | B66: =B47+1 -> 202404 | C66: 202404 | D66: 生活 | E66: 食 | F66: =132+1290+500+485+190+1224+250+116+168+968+159+60+120+200+100+20+50+255+240+260+510+330+180+100+439+20+300+230+103+800+270 -> 10069 | H66: =195+322+60+3419-1987+35+85+55+129+100+65+80+126+165 -> 2849 | I66: =171+770+80+60+55 -> 1136 | L66: =135+56+35+48+30+94+45+58+56+1044 -> 1601 | M66: =500+60+100+1020+885+509+904+208+170+80+80+0+216+360+264+260+640+20+1222-1200+80+200+455+125+131+0+460+481+115 -> 8345 | O66: =185+65+60 -> 310 | Q66: =2000+0+2000+2000+2000 -> 8000 | S66: =SUM(F66:R66) -> 32310 | T66: =SUM(S66:S72) -> 90131
A67: 預計支出/月 | B67: =$J$2 -> 185000 | D67: 生活 | E67: 衣 | S67: =SUM(F67:R67) -> 0
A68: Total(到本月) | B68: =SUMPRODUCT((($V$10:$V$21)<=VALUE(B66))*($Z$10:$Z$21)) -> 729395 | D68: 生活 | E68: 住 | H68: =1767+895+572 -> 3234 | L68: 318 | Q68: =10500-7000+1500 -> 5000 | S68: =SUM(F68:R68) -> 8552
A69: YOY% | B69: =B68/SUMPRODUCT(('2024'!$V$10:$V$21<='2024'!B66)*'2023'!$Z$10:$Z$21) -> 0.93300579 | D69: 生活 | E69: 行 | F69: =100+100+30+100+120+100 -> 550 | I69: 19 | M69: =599 -> 599 | O69: =20+1500 -> 1520 | Q69: 601 | S69: =SUM(F69:R69) -> 3289
A70: Total-旅遊(本月) | B70: =B68-SUMPRODUCT((($AD$10:$AD$21)<=VALUE(B66))*($AQ$10:$AQ$21)) -> 525733 | D70: 生活 | E70: 育-基本 | F70: =11000+4500+20000 -> 35500 | S70: =SUM(F70:R70) -> 35500
A71: 實際占預計支出% | B71: =B68/($J$2*12) -> 0.32855631 | D71: 生活 | E71: 育-才藝 | F71: =190+2700+3990+2700 -> 9580 | S71: =SUM(F71:R71) -> 9580
A72: 支出% | B72: =VALUE(RIGHT(B66,2))/12 -> 0.33333333 | D72: 生活 | E72: 醫療費用 | H72: 900 | S72: =SUM(F72:R72) -> 900
A73: 剩餘/超支 $$ | B73: =B67*VALUE(RIGHT(B66,2))-B68 -> 10605 | D73: 想要&奢侈品 | E73: N | F73: 5500 | M73: 590 | S73: =SUM(F73:R73) -> 6090 | T73: =SUM(S73:S77) -> 7900
A74: 剩餘/超支 $$(本月) | B74: =$J$2-(S83) -> 45558 | D74: 想要&奢侈品 | E74: A | S74: =SUM(F74:R74) -> 0
D75: 想要&奢侈品 | E75: L | F75: =90+90 -> 180 | M75: =590+300 -> 890 | S75: =SUM(F75:R75) -> 1070
D76: 想要&奢侈品 | E76: D | F76: =60+90 -> 150 | M76: 590 | S76: =SUM(F76:R76) -> 740
D77: 想要&奢侈品 | E77: 其它 | S77: =SUM(F77:R77) -> 0
D78: 一次性支出 | E78: 旅遊 | F78: =1050+500+120+1700+200+1520+170+115+230+765 -> 6370 | M78: =1461+0+1040+444 -> 2945 | S78: =SUM(F78:R78) -> 9315 | T78: =SUM(S78:S82) -> 41411
D79: 一次性支出 | E79: 家庭聚會 | S79: =SUM(F79:R79) -> 0
D80: 一次性支出 | E80: 稅費 | F80: 6866 | H80: =11230+7019 -> 18249 | S80: =SUM(F80:R80) -> 25115
D81: 一次性支出 | E81: 保險 | Q81: 6751 | S81: =SUM(F81:R81) -> 6751
D82: 一次性支出 | E82: 其它 | H82: 230 | S82: =SUM(F82:R82) -> 230
D83: Total | E83: Total | F83: =SUM(F66:F82) -> 74765 | G83: =SUM(G66:G82) -> 0 | H83: =SUM(H66:H82) -> 25462 | I83: =SUM(I66:I82) -> 1155 | J83: =SUM(J66:J82) -> 0 | K83: =SUM(K66:K82) -> 0 | L83: =SUM(L66:L82) -> 1919 | M83: =SUM(M66:M82) -> 13959 | ... S83: =SUM(S66:S82) -> 139442
A85: 月份 | B85: =B66+1 -> 202405 | C85: 202405 | D85: 生活 | E85: 食 | F85: =300+260+160+1224+70+150+25+290+290+50+195+140+450+100+40+173+50+64+35+60+340+32+84+300+60+140+368+180+450+100+85 -> 6265 | H85: =351+360+90+509+45+100+122+50+95+80+440+39+55+115+85+126+120+25 -> 2807 | I85: =140+356+150 -> 646 | J85: 78 | L85: =39+40+97+540+20+145+149+75+1298 -> 2403 | M85: =105+35+168+242+220+348+37+111+350+138+238+145+349+520+403+55+359 -> 3823 | N85: 209 | O85: =315+50+150+300 -> 815 | P85: =1010+1000 -> 2010 | Q85: =2000+2000+2000+2000+2000 -> 10000 | S85: =SUM(F85:R85) -> 29056 | T85: =SUM(S85:S91) -> 98046
A86: 預計支出/月 | B86: =$J$2 -> 185000 | D86: 生活 | E86: 衣 | F86: 1000 | S86: =SUM(F86:R86) -> 1000
A87: Total(到本月) | B87: =SUMPRODUCT((($V$10:$V$21)<=VALUE(B85))*($Z$10:$Z$21)) -> 903139 | D87: 生活 | E87: 住 | N87: 948 | Q87: =10500-7000+998 -> 4498 | S87: =SUM(F87:R87) -> 5446
A88: YOY% | B88: =B87/SUMPRODUCT(('2024'!$V$10:$V$21<='2024'!B85)*'2023'!$Z$10:$Z$21) -> 0.91959047 | D88: 生活 | E88: 行 | F88: =40+100+100+75+100+100+80+1000+40 -> 1635 | H88: =40+888+1352 -> 2280 | M88: =599+234+60 -> 893 | Q88: =596+1000 -> 1596 | S88: =SUM(F88:R88) -> 6404
A89: Total-旅遊(本月) | B89: =B87-SUMPRODUCT((($AD$10:$AD$21)<=VALUE(B85))*($AQ$10:$AQ$21)) -> 694177 | D89: 生活 | E89: 育-基本 | F89: =11000+4500+300+3000 -> 18800 | O89: 40 | S89: =SUM(F89:R89) -> 18840
A90: 實際占預計支出% | B90: =B87/($J$2*12) -> 0.40681937 | D90: 生活 | E90: 育-才藝 | F90: =13200+140+18000+300+2700+2700 -> 37040 | H90: 260 | S90: =SUM(F90:R90) -> 37300
A91: 支出% | B91: =VALUE(RIGHT(B85,2))/12 -> 0.41666667 | D91: 生活 | E91: 醫療費用 | S91: =SUM(F91:R91) -> 0
A92: 剩餘/超支 $$ | B92: =B86*VALUE(RIGHT(B85,2))-B87 -> 21861 | D92: 想要&奢侈品 | E92: N | F92: =5500+350 -> 5850 | M92: 180 | S92: =SUM(F92:R92) -> 6030 | T92: =SUM(S92:S96) -> 15200
A93: 剩餘/超支 $$(本月) | B93: =$J$2-(S102) -> 11256 | D93: 想要&奢侈品 | E93: A | H93: 7190 | M93: 180 | S93: =SUM(F93:R93) -> 7370
D94: 想要&奢侈品 | E94: L | F94: =200+60+140+60 -> 460 | M94: 300 | S94: =SUM(F94:R94) -> 760
D95: 想要&奢侈品 | E95: D | F95: =200+60+140+60 -> 460 | M95: =310+270 -> 580 | S95: =SUM(F95:R95) -> 1040
D96: 想要&奢侈品 | E96: 其它 | S96: =SUM(F96:R96) -> 0
D97: 一次性支出 | E97: 旅遊 | F97: =1910+600+60+60+900+590+210 -> 4330 | M97: =220+395+40 -> 655 | O97: 315 | S97: =SUM(F97:R97) -> 5300 | T97: =SUM(S97:S101) -> 60498
D98: 一次性支出 | E98: 家庭聚會 | M98: 7920 | S98: =SUM(F98:R98) -> 7920
D99: 一次性支出 | E99: 稅費 | F99: 39527 | S99: =SUM(F99:R99) -> 39527
D100: 一次性支出 | E100: 保險 | Q100: 6751 | S100: =SUM(F100:R100) -> 6751
D101: 一次性支出 | E101: 其它 | F101: 1000 | S101: =SUM(F101:R101) -> 1000
D102: Total | E102: Total | F102: =SUM(F85:F101) -> 116367 | G102: =SUM(G85:G101) -> 0 | H102: =SUM(H85:H101) -> 12537 | I102: =SUM(I85:I101) -> 646 | J102: =SUM(J85:J101) -> 78 | K102: =SUM(K85:K101) -> 0 | L102: =SUM(L85:L101) -> 2403 | M102: =SUM(M85:M101) -> 14531 | ... S102: =SUM(S85:S101) -> 173744
A104: 月份 | B104: =B85+1 -> 202406 | C104: 202406 | D104: 生活 | E104: 食 | F104: =200+252+45+100+181+55+100+50+56+80+69+301+35+300+110+50+120+55+110+230+150+85+600+70+189+1224+205+270+290+40+1106 -> 6728 | H104: =70+60+50+0+144+32+70+90+317+24+143+490+280+70+350+55+370+195+580+110+140+110+184+120+132+189+75+19+80+500+320 -> 5369 | I104: 70 | J104: 980 | L104: =45+39+45+48+45+68+198+143+45+495+95+38+619+240+89+45 -> 2297 | M104: =94+197+150+228+160+408+65+3390-1695+95+414+100+580+289+227+59+189+114+179+349+1474+715+75+840 -> 8696 | N104: 54 | O104: =500+850+85+700+220 -> 2355 | P104: 567 | Q104: =2000+2000+2000+2000 -> 8000 | S104: =SUM(F104:R104) -> 35116 | T104: =SUM(S104:S110) -> 89519
A105: 預計支出/月 | B105: =$J$2 -> 185000 | D105: 生活 | E105: 衣 | F105: 1197 | O105: =2600+1360 -> 3960 | S105: =SUM(F105:R105) -> 5157
...

Sheet 2023
A1: 生活 | B1: =SUMIF(D:D,A1,S:S) -> 1046214 | C1: =B1/$B$4 -> 0.45365168 | J1: 月支出估計 | K1: 車貸 | L1: 年支出估計
A2: 想要&奢侈品 | B2: =SUMIF(D:D,A2,S:S) -> 164570 | C2: =B2/$B$4 -> 0.071359642 | J2: 160000 | K2: =27778*9 -> 250002 | L2: =J2*12+K2 -> 2170002
A3: 一次性支出 | B3: =SUMIF(D:D,A3,S:S) -> 1095421.5 | C3: =B3/$B$4 -> 0.47498868 | AD3: 202212 | AS3: =27778*12 -> 333336
A4: Total | B4: =SUMIF(D:D,A4,S:S) -> 2306205.5 | C4: =B4-B89 -> 1462985.5 | AD4: 202312 | AE4: =AE5/$AD$5 -> 0.14157238 | AF4: =AF5/$AD$5 -> 0.0042589439 | AG4: =AG5/$AD$5 -> 0.057611952 | AH4: =AH5/$AD$5 -> 0.0042624128 | AI4: =AI5/$AD$5 -> 0.11898376 | AJ4: =AJ5/$AD$5 -> 0.093405379 | AK4: =AK5/$AD$5 -> 0.033556853 | AL4: =AL5/$AD$5 -> 0.014894596 | ... AU4: =AU5/$AD$5 -> 0.055091361
A5: Total-車貸 | B5: =B4-K2 -> 2056203.5 | AD5: =SUM(AE5:AU5) -> 2306205.5 | AE5: =SUM(AE10:AE21) -> 326495 | AF5: =SUM(AF10:AF21) -> 9822 | AG5: =SUM(AG10:AG21) -> 132865 | AH5: =SUM(AH10:AH21) -> 9830 | AI5: =SUM(AI10:AI21) -> 274401 | AJ5: =SUM(AJ10:AJ21) -> 215412 | AK5: =SUM(AK10:AK21) -> 77389 | AL5: =SUM(AL10:AL21) -> 34350 | ... AU5: =SUM(AU10:AU21) -> 127052
A6: 占預計支出比例 | B6: =B4/L2 -> 1.0627665 | F6: =F7/$S$7 -> 0.47703511 | G6: =G7/$S$7 -> 0 | H6: =H7/$S$7 -> 0.21227857 | I6: =I7/$S$7 -> 0.015369402 | J6: =J7/$S$7 -> 0.0024906714 | K6: =K7/$S$7 -> 0 | L6: =L7/$S$7 -> 0.0093166025 | M6: =M7/$S$7 -> 0.10376395 | ... R6: =R7/$S$7 -> 0 | AE6: =W9 -> 生活 | AL6: =X9 -> 想要&奢侈品 | AQ6: =Y9 -> 一次性支出
F7: =SUMIF($D$9:$D$1012,"Total",F9:F1012) -> 1100141 | G7: =SUMIF($D$9:$D$1012,"Total",G9:G1012) -> 0 | H7: =SUMIF($D$9:$D$1012,"Total",H9:H1012) -> 489558 | I7: =SUMIF($D$9:$D$1012,"Total",I9:I1012) -> 35445 | J7: =SUMIF($D$9:$D$1012,"Total",J9:J1012) -> 5744 | K7: =SUMIF($D$9:$D$1012,"Total",K9:K1012) -> 0 | L7: =SUMIF($D$9:$D$1012,"Total",L9:L1012) -> 21486 | M7: =SUMIF($D$9:$D$1012,"Total",M9:M1012) -> 239301 | ... R7: =SUMIF($D$9:$D$1012,"Total",R9:R1012) -> 0 | S7: =SUM(F7:R7) -> 2306205.5 | AD7: YOY% | AE7: =SUMPRODUCT((VALUE($AD$10:$AD$21)<=VALUE($AD$4))*(AE10:AK21))/SUMPRODUCT((VALUE('2022'!$AD$10:$AD$21)<=VALUE($AD$3))*('2022'!AE$10:AK$21)) -> 0.98418014 | AL7: =SUMPRODUCT((VALUE($AD$10:$AD$21)<=VALUE($AD$4))*(AL10:AP21))/SUMPRODUCT((VALUE('2022'!$AD$10:$AD$21)<=VALUE($AD$3))*('2022'!AL$10:AP$21)) -> 0.89785207 | AQ7: =SUMPRODUCT((VALUE($AD$10:$AD$21)<=VALUE($AD$4))*(AQ10:AU21))/SUMPRODUCT((VALUE('2022'!$AD$10:$AD$21)<=VALUE($AD$3))*('2022'!AQ$10:AU$21)) -> 1.6291606
C8: 年月 | F8: 其他現金支出 | G8: 渣打現金回饋 | H8: 台新ALL | I8: 玉山ALL | J8: 樂天 | K8: 花旗 | L8: 國泰KOKO&COSTCO | M8: 合庫+永豐+星展 | N8: 聯邦微風卡 | O8: 王董Creditcard | P8: 永豐三井卡 | Q8: 孝敬長輩 | S8: Total | W8: =SUM(W10:W21) -> 1046214 | X8: =SUM(X10:X21) -> 164570 | Y8: =SUM(Y10:Y21) -> 1095421.5 | AD8: =SUMPRODUCT((VALUE($AD$10:$AD$21)<=VALUE($AD$4))*(AE10:AU21))/SUMPRODUCT((VALUE('2022'!$AD$10:$AD$21)<=VALUE($AD$3))*('2022'!AE$10:AU$21)) -> 1.2019575 | AE8: =SUMPRODUCT((VALUE($AD$10:$AD$21)<=VALUE($AD$4))*(AE10:AE21))/SUMPRODUCT((VALUE('2022'!$AD$10:$AD$21)<=VALUE($AD$3))*('2022'!AG$10:AG$21)) -> 1.0648926 | AF8: =(SUMPRODUCT((VALUE($AD$10:$AD$21)<=VALUE($AD$4))*(AF10:AF21))+SUMPRODUCT((VALUE($AD$10:$AD$21)<=VALUE($AD$4))*(AG10:AG21))+SUMPRODUCT((VALUE($AD$10:$AD$21)<=VALUE($AD$4))*(AK10:AK21)))/(SUMPRODUCT((VALUE('2022'!$AD$10:$AD$21)<=VALUE($AD$3))*('2022'!AE$10:AE$21))+SUMPRODUCT((VALUE('2022'!$AD$10:$AD$21)<=VALUE($AD$3))*('2022'!AI$10:AI$21))+SUMPRODUCT((VALUE('2022'!$AD$10:$AD$21)<=VALUE($AD$3))*('2022'!AJ$10:AJ$21))) -> 0.8796636 | AI8: =(SUMPRODUCT((VALUE($AD$10:$AD$21)<=VALUE($AD$4))*(AI10:AI21))+SUMPRODUCT((VALUE($AD$10:$AD$21)<=VALUE($AD$4))*(AJ10:AJ21)))/SUMPRODUCT((VALUE('2022'!$AD$10:$AD$21)<=VALUE($AD$3))*('2022'!AK$10:AK$21)) -> 1.0524175 | AK8: =SUMPRODUCT((VALUE($AD$10:$AD$21)<=VALUE($AD$4))*(AH10:AH21))/SUMPRODUCT((VALUE('2022'!$AD$10:$AD$21)<=VALUE($AD$3))*('2022'!AF$10:AF$21)) -> 0.24073666 | AL8: =SUMPRODUCT((VALUE($AD$10:$AD$21)<=VALUE($AD$4))*(AL10:AL21))/SUMPRODUCT((VALUE('2022'!$AD$10:$AD$21)<=VALUE($AD$3))*('2022'!AL10:AL21)) -> 0.42894605 | AM8: =SUMPRODUCT((VALUE($AD$10:$AD$21)<=VALUE($AD$4))*(AM10:AM21))/SUMPRODUCT((VALUE('2022'!$AD$10:$AD$21)<=VALUE($AD$3))*('2022'!AM10:AM21)) -> 1.0548921 | AN8: =SUMPRODUCT((VALUE($AD$10:$AD$21)<=VALUE($AD$4))*(AN10:AN21))/SUMPRODUCT((VALUE('2022'!$AD$10:$AD$21)<=VALUE($AD$3))*('2022'!AN10:AN21)) -> 1.0116222 | AO8: =SUMPRODUCT((VALUE($AD$10:$AD$21)<=VALUE($AD$4))*(AO10:AO21))/SUMPRODUCT((VALUE('2022'!$AD$10:$AD$21)<=VALUE($AD$3))*('2022'!AO10:AO21)) -> 0.54366013 | AP8: =SUMPRODUCT((VALUE($AD$10:$AD$21)<=VALUE($AD$4))*(AP10:AP21))/SUMPRODUCT((VALUE('2022'!$AD$10:$AD$21)<=VALUE($AD$3))*('2022'!AP10:AP21)) -> 3.4068037 | AQ8: =SUMPRODUCT((VALUE($AD$10:$AD$21)<=VALUE($AD$4))*(AQ10:AQ21))/SUMPRODUCT((VALUE('2022'!$AD$10:$AD$21)<=VALUE($AD$3))*('2022'!AQ10:AQ21)) -> 4.3633861 | AR8: =SUMPRODUCT((VALUE($AD$10:$AD$21)<=VALUE($AD$4))*(AR10:AR21))/SUMPRODUCT((VALUE('2022'!$AD$10:$AD$21)<=VALUE($AD$3))*('2022'!AR10:AR21)) -> 1.5273838 | AS8: =SUMPRODUCT((VALUE($AD$10:$AD$21)<=VALUE($AD$4))*(AS10:AS21))/SUMPRODUCT((VALUE('2022'!$AD$10:$AD$21)<=VALUE($AD$3))*('2022'!AS10:AS21)) -> 0.90092511 | ... AU8: =SUMPRODUCT((VALUE($AD$10:$AD$21)<=VALUE($AD$4))*(AU10:AU21))/SUMPRODUCT((VALUE('2022'!$AD$10:$AD$21)<=VALUE($AD$3))*('2022'!AU10:AU21)) -> 1.3495926
A9: 月份 | B9: 202301 | C9: 202301 | D9: 生活 | E9: 食 | F9: =20+1224+30+1030+80+480+340+100+260+355+170+313+52+12+45+340+100+150+100+40+100+90 -> 5431 | H9: =19+104+39+55+109+68+38+202+500+500+175+39+1232+55+105+100+165+15+109+18+47+60+12+80+500+404+368+560+56+55+75 -> 5864 | I9: =69+38+125+65+3+200+55+1628+60+55+56+315+203 -> 2872 | J9: 1100 | M9: 237 | N9: =50+50+77+254 -> 431 | O9: =65+199+56+400 -> 720 | P9: =638+180+230 -> 1048 | Q9: =2000+2000+2000+2000 -> 8000 | S9: =SUM(F9:R9) -> 25703 | T9: =SUM(S9:S15) -> 79200 | V9: 月份 | W9: =A1 -> 生活 | X9: 想要&奢侈品 | Y9: =A3 -> 一次性支出 | Z9: Total | AD9: 月份 | AE9: 食 | AF9: 衣 | AG9: 住 | AH9: 醫療費用 | AI9: 育-基本 | AJ9: 育-才藝 | AK9: 行 | AL9: N | AM9: A | AN9: L | AO9: D | AP9: 其它 | AQ9: 旅遊 | AR9: 家庭聚會 | AS9: 稅費 | AT9: 保險 | AU9: 其它 | AV9: 合計
A10: 預計支出/月 | B10: =$J$2 -> 160000 | D10: 生活 | E10: 衣 | H10: 990 | I10: 1040 | J10: 790 | S10: =SUM(F10:R10) -> 2820 | V10: =$C$9 -> 202301 | W10: =T9 -> 79200 | X10: =T16 -> 47777 | Y10: =T21 -> 86141 | Z10: =W10+X10+Y10 -> 213118 | AA10: =W10/'2022'!W10-1 -> -0.10718312 | AB10: =X10/'2022'!X10-1 -> 1.8253696 | AC10: =Y10/'2022'!Y10-1 -> 0.75300678 | AD10: =V10 -> 202301 | AE10: =SUMPRODUCT(($D$9:$D$25=$AE$6)*($E$9:$E$25=AE$9)*$S$9:$S$25) -> 25703 | AF10: =SUMPRODUCT(($D$9:$D$25=$AE$6)*($E$9:$E$25=$AF$9)*$S$9:$S$25) -> 2820 | AG10: =SUMPRODUCT(($D$9:$D$25=$AE$6)*($E$9:$E$25=$AG$9)*$S$9:$S$25) -> 10108 | AH10: =SUMPRODUCT(($D$9:$D$25=$AE$6)*($E$9:$E$25=$AH$9)*$S$9:$S$25) -> 1080 | AI10: =SUMPRODUCT(($D$9:$D$25=$AE$6)*($E$9:$E$25=$AI$9)*$S$9:$S$25) -> 18169 | AJ10: =SUMPRODUCT(($D$9:$D$25=$AE$6)*($E$9:$E$25=$AJ$9)*$S$9:$S$25) -> 15220 | AK10: =SUMPRODUCT(($D$9:$D$25=$AE$6)*($E$9:$E$25=$AK$9)*$S$9:$S$25) -> 6100 | AL10: =SUMPRODUCT(($D$9:$D$25=$AL$6)*($E$9:$E$25=$AL$9)*$S$9:$S$25) -> 489 | AM10: =SUMPRODUCT(($D$9:$D$25=$AL$6)*($E$9:$E$25=$AM$9)*$S$9:$S$25) -> 46498 | AN10: =SUMPRODUCT(($D$9:$D$25=$AL$6)*($E$9:$E$25=$AN$9)*$S$9:$S$25) -> 150 | AO10: =SUMPRODUCT(($D$9:$D$25=$AL$6)*($E$9:$E$25=$AO$9)*$S$9:$S$25) -> 350 | AP10: =SUMPRODUCT(($D$9:$D$25=$AL$6)*($E$9:$E$25=$AP$9)*$S$9:$S$25) -> 290 | AQ10: =SUMPRODUCT(($D$9:$D$25=$AQ$6)*($E$9:$E$25=$AQ$9)*$S$9:$S$25) -> 39981 | AR10: =SUMPRODUCT(($D$9:$D$25=$AQ$6)*($E$9:$E$25=$AR$9)*$S$9:$S$25) -> 1800 | AS10: =SUMPRODUCT(($D$9:$D$25=$AQ$6)*($E$9:$E$25=$AS$9)*$S$9:$S$25) -> 27778 | AT10: =SUMPRODUCT(($D$9:$D$25=$AQ$6)*($E$9:$E$25=$AT$9)*$S$9:$S$25) -> 6753 | AU10: =SUMPRODUCT(($D$9:$D$25=$AQ$6)*($E$9:$E$25=$AU$9)*$S$9:$S$25) -> 9829 | AV10: =SUM(AE10:AU10) -> 213118
A11: Total(到本月) | B11: =SUMPRODUCT((($V$10:$V$21)<=VALUE(B9))*($Z$10:$Z$21)) -> 213118 | D11: 生活 | E11: 住 | F11: 3028 | H11: =303+0 -> 303 | Q11: =10500-6000+1497+1580-800 -> 6777 | S11: =SUM(F11:R11) -> 10108 | V11: =$C$28 -> 202302 | W11: =T28 -> 89755 | X11: =T35 -> 2218 | Y11: =T40 -> 101660 | Z11: =W11+X11+Y11 -> 193633 | AA11: =W11/'2022'!W11-1 -> -0.24704708 | AB11: =X11/'2022'!X11-1 -> -0.81834562 | AC11: =Y11/'2022'!Y11-1 -> 1.0916404 | AD11: =V11 -> 202302 | AE11: =SUMPRODUCT(($D$28:$D$44=$AE$6)*($E$28:$E$44=AE$9)*$S$28:$S$44) -> 22683 | AF11: =SUMPRODUCT(($D$28:$D$44=$AE$6)*($E$28:$E$44=AF$9)*$S$28:$S$44) -> 0 | AG11: =SUMPRODUCT(($D$28:$D$44=$AE$6)*($E$28:$E$44=AG$9)*$S$28:$S$44) -> 8367 | AH11: =SUMPRODUCT(($D$28:$D$44=$AE$6)*($E$28:$E$44=AH$9)*$S$28:$S$44) -> 80 | AI11: =SUMPRODUCT(($D$28:$D$44=$AE$6)*($E$28:$E$44=AI$9)*$S$28:$S$44) -> 45531 | AJ11: =SUMPRODUCT(($D$28:$D$44=$AE$6)*($E$28:$E$44=AJ$9)*$S$28:$S$44) -> 6915 | AK11: =SUMPRODUCT(($D$28:$D$44=$AE$6)*($E$28:$E$44=AK$9)*$S$28:$S$44) -> 6179 | AL11: =SUMPRODUCT(($D$28:$D$44=$AL$6)*($E$28:$E$44=AL$9)*$S$28:$S$44) -> 40 | AM11: =SUMPRODUCT(($D$28:$D$44=$AL$6)*($E$28:$E$44=AM$9)*$S$28:$S$44) -> 40 | AN11: =SUMPRODUCT(($D$28:$D$44=$AL$6)*($E$28:$E$44=AN$9)*$S$28:$S$44) -> 969 | AO11: =SUMPRODUCT(($D$28:$D$44=$AL$6)*($E$28:$E$44=AO$9)*$S$28:$S$44) -> 1069 | AP11: =SUMPRODUCT(($D$28:$D$44=$AL$6)*($E$28:$E$44=AP$9)*$S$28:$S$44) -> 100 | AQ11: =SUMPRODUCT(($D$28:$D$44=$AQ$6)*($E$28:$E$44=AQ$9)*$S$28:$S$44) -> 61076 | AR11: =SUMPRODUCT(($D$28:$D$44=$AQ$6)*($E$28:$E$44=AR$9)*$S$28:$S$44) -> 0 | AS11: =SUMPRODUCT(($D$28:$D$44=$AQ$6)*($E$28:$E$44=AS$9)*$S$28:$S$44) -> 27778 | AT11: =SUMPRODUCT(($D$28:$D$44=$AQ$6)*($E$28:$E$44=AT$9)*$S$28:$S$44) -> 9117 | AU11: =SUMPRODUCT(($D$28:$D$44=$AQ$6)*($E$28:$E$44=AU$9)*$S$28:$S$44) -> 3689 | AV11: =SUM(AE11:AU11) -> 193633
A12: YOY% | B12: =B11/SUMPRODUCT(('2023'!$V$10:$V$21<='2023'!B9)*'2022'!$Z$10:$Z$21) -> 1.3771138 | D12: 生活 | E12: 行 | F12: =60+80+40+35+100+80 -> 395 | H12: =1441+724+110+69+45 -> 2389 | I12: =1249+1430 -> 2679 | O12: 40 | Q12: 597 | S12: =SUM(F12:R12) -> 6100 | V12: =$C$47 -> 202303 | W12: =T47 -> 106277 | X12: =T54 -> 4371 | Y12: =T59 -> 77572 | Z12: =W12+X12+Y12 -> 188220 | AA12: =W12/'2022'!W12-1 -> 0.31311546 | AB12: =X12/'2022'!X12-1 -> -0.55434339 | AC12: =Y12/'2022'!Y12-1 -> 0.46844357 | AD12: =V12 -> 202303 | AE12: =SUMPRODUCT(($D$47:$D$63=$AE$6)*($E$47:$E$63=AE$9)*$S$47:$S$63) -> 30473 | AF12: =SUMPRODUCT(($D$47:$D$63=$AE$6)*($E$47:$E$63=AF$9)*$S$47:$S$63) -> 400 | AG12: =SUMPRODUCT(($D$47:$D$63=$AE$6)*($E$47:$E$63=AG$9)*$S$47:$S$63) -> 11354 | AH12: =SUMPRODUCT(($D$47:$D$63=$AE$6)*($E$47:$E$63=AH$9)*$S$47:$S$63) -> 570 | AI12: =SUMPRODUCT(($D$47:$D$63=$AE$6)*($E$47:$E$63=AI$9)*$S$47:$S$63) -> 22135 | AJ12: =SUMPRODUCT(($D$47:$D$63=$AE$6)*($E$47:$E$63=AJ$9)*$S$47:$S$63) -> 37083 | AK12: =SUMPRODUCT(($D$47:$D$63=$AE$6)*($E$47:$E$63=AK$9)*$S$47:$S$63) -> 4262 | AL12: =SUMPRODUCT(($D$47:$D$63=$AL$6)*($E$47:$E$63=AL$9)*$S$47:$S$63) -> 500 | AM12: =SUMPRODUCT(($D$47:$D$63=$AL$6)*($E$47:$E$63=AM$9)*$S$47:$S$63) -> 610 | AN12: =SUMPRODUCT(($D$47:$D$63=$AL$6)*($E$47:$E$63=AN$9)*$S$47:$S$63) -> 1618 | AO12: =SUMPRODUCT(($D$47:$D$63=$AL$6)*($E$47:$E$63=AO$9)*$S$47:$S$63) -> 1445 | AP12: =SUMPRODUCT(($D$47:$D$63=$AL$6)*($E$47:$E$63=AP$9)*$S$47:$S$63) -> 198 | AQ12: =SUMPRODUCT(($D$47:$D$63=$AQ$6)*($E$47:$E$63=AQ$9)*$S$47:$S$63) -> 26432 | AR12: =SUMPRODUCT(($D$47:$D$63=$AQ$6)*($E$47:$E$63=AR$9)*$S$47:$S$63) -> 840 | AS12: =SUMPRODUCT(($D$47:$D$63=$AQ$6)*($E$47:$E$63=AS$9)*$S$47:$S$63) -> 27778 | AT12: =SUMPRODUCT(($D$47:$D$63=$AQ$6)*($E$47:$E$63=AT$9)*$S$47:$S$63) -> 6753 | AU12: =SUMPRODUCT(($D$47:$D$63=$AQ$6)*($E$47:$E$63=AU$9)*$S$47:$S$63) -> 15769 | AV12: =SUM(AE12:AU12) -> 188220
A13: Total-車貸(本月) | B13: =B11-$K$2*VALUE(RIGHT(B9,2))/9 -> 185340 | D13: 生活 | E13: 育-基本 | F13: =3200+3000+100+11500+65 -> 17865 | H13: =60*2+5*2+174 -> 304 | S13: =SUM(F13:R13) -> 18169 | V13: =$C$66 -> 202304 | W13: =T66 -> 83077 | X13: =T73 -> 9891 | Y13: =T78 -> 93830 | Z13: =W13+X13+Y13 -> 186798 | AA13: =W13/'2022'!W13-1 -> 0.1266664 | AB13: =X13/'2022'!X13-1 -> 2.6837989 | AC13: =Y13/'2022'!Y13-1 -> 0.74185045 | AD13: =V13 -> 202304 | AE13: =SUMPRODUCT(($D$66:$D$82=$AE$6)*($E$66:$E$82=AE$9)*$S$66:$S$82) -> 37200 | AF13: =SUMPRODUCT(($D$66:$D$82=$AE$6)*($E$66:$E$82=AF$9)*$S$66:$S$82) -> 0 | AG13: =SUMPRODUCT(($D$66:$D$82=$AE$6)*($E$66:$E$82=AG$9)*$S$66:$S$82) -> 11249 | AH13: =SUMPRODUCT(($D$66:$D$82=$AE$6)*($E$66:$E$82=AH$9)*$S$66:$S$82) -> 660 | AI13: =SUMPRODUCT(($D$66:$D$82=$AE$6)*($E$66:$E$82=AI$9)*$S$66:$S$82) -> 16000 | AJ13: =SUMPRODUCT(($D$66:$D$82=$AE$6)*($E$66:$E$82=AJ$9)*$S$66:$S$82) -> 14950 | AK13: =SUMPRODUCT(($D$66:$D$82=$AE$6)*($E$66:$E$82=AK$9)*$S$66:$S$82) -> 3018 | AL13: =SUMPRODUCT(($D$66:$D$82=$AL$6)*($E$66:$E$82=AL$9)*$S$66:$S$82) -> 762 | AM13: =SUMPRODUCT(($D$66:$D$82=$AL$6)*($E$66:$E$82=AM$9)*$S$66:$S$82) -> 1850 | AN13: =SUMPRODUCT(($D$66:$D$82=$AL$6)*($E$66:$E$82=AN$9)*$S$66:$S$82) -> 6889 | AO13: =SUMPRODUCT(($D$66:$D$82=$AL$6)*($E$66:$E$82=AO$9)*$S$66:$S$82) -> 390 | AP13: =SUMPRODUCT(($D$66:$D$82=$AL$6)*($E$66:$E$82=AP$9)*$S$66:$S$82) -> 0 | AQ13: =SUMPRODUCT(($D$66:$D$82=$AQ$6)*($E$66:$E$82=AQ$9)*$S$66:$S$82) -> 36242 | AR13: =SUMPRODUCT(($D$66:$D$82=$AQ$6)*($E$66:$E$82=AR$9)*$S$66:$S$82) -> 0 | AS13: =SUMPRODUCT(($D$66:$D$82=$AQ$6)*($E$66:$E$82=AS$9)*$S$66:$S$82) -> 39008 | AT13: =SUMPRODUCT(($D$66:$D$82=$AQ$6)*($E$66:$E$82=AT$9)*$S$66:$S$82) -> 6751 | AU13: =SUMPRODUCT(($D$66:$D$82=$AQ$6)*($E$66:$E$82=AU$9)*$S$66:$S$82) -> 11829 | AV13: =SUM(AE13:AU13) -> 186798
A14: 實際占預計支出% | B14: =B13/($J$2*12) -> 0.09653125 | D14: 生活 | E14: 育-才藝 | F14: 15050 | H14: 170 | S14: =SUM(F14:R14) -> 15220 | V14: =$C$85 -> 202305 | W14: =T85 -> 75189 | X14: =T92 -> 16920 | Y14: =T97 -> 108232 | Z14: =W14+X14+Y14 -> 200341 | AA14: =W14/'2022'!W14-1 -> 0.037647838 | AB14: =X14/'2022'!X14-1 -> 2.8480782 | AC14: =Y14/'2022'!Y14-1 -> 0.57977551 | AD14: =V14 -> 202305 | AE14: =SUMPRODUCT(($D$85:$D$101=$AE$6)*($E$85:$E$101=AE$9)*$S$85:$S$101) -> 28770 | AF14: =SUMPRODUCT(($D$85:$D$101=$AE$6)*($E$85:$E$101=AF$9)*$S$85:$S$101) -> 3630 | AG14: =SUMPRODUCT(($D$85:$D$101=$AE$6)*($E$85:$E$101=AG$9)*$S$85:$S$101) -> 8913 | AH14: =SUMPRODUCT(($D$85:$D$101=$AE$6)*($E$85:$E$101=AH$9)*$S$85:$S$101) -> 5010 | AI14: =SUMPRODUCT(($D$85:$D$101=$AE$6)*($E$85:$E$101=AI$9)*$S$85:$S$101) -> 16450 | AJ14: =SUMPRODUCT(($D$85:$D$101=$AE$6)*($E$85:$E$101=AJ$9)*$S$85:$S$101) -> 8620 | AK14: =SUMPRODUCT(($D$85:$D$101=$AE$6)*($E$85:$E$101=AK$9)*$S$85:$S$101) -> 3796 | AL14: =SUMPRODUCT(($D$85:$D$101=$AL$6)*($E$85:$E$101=AL$9)*$S$85:$S$101) -> 12600 | AM14: =SUMPRODUCT(($D$85:$D$101=$AL$6)*($E$85:$E$101=AM$9)*$S$85:$S$101) -> 1920 | AN14: =SUMPRODUCT(($D$85:$D$101=$AL$6)*($E$85:$E$101=AN$9)*$S$85:$S$101) -> 200 | AO14: =SUMPRODUCT(($D$85:$D$101=$AL$6)*($E$85:$E$101=AO$9)*$S$85:$S$101) -> 200 | AP14: =SUMPRODUCT(($D$85:$D$101=$AL$6)*($E$85:$E$101=AP$9)*$S$85:$S$101) -> 2000 | AQ14: =SUMPRODUCT(($D$85:$D$101=$AQ$6)*($E$85:$E$101=AQ$9)*$S$85:$S$101) -> 28837 | AR14: =SUMPRODUCT(($D$85:$D$101=$AQ$6)*($E$85:$E$101=AR$9)*$S$85:$S$101) -> 4030 | AS14: =SUMPRODUCT(($D$85:$D$101=$AQ$6)*($E$85:$E$101=AS$9)*$S$85:$S$101) -> 36782 | AT14: =SUMPRODUCT(($D$85:$D$101=$AQ$6)*($E$85:$E$101=AT$9)*$S$85:$S$101) -> 6753 | AU14: =SUMPRODUCT(($D$85:$D$101=$AQ$6)*($E$85:$E$101=AU$9)*$S$85:$S$101) -> 31830 | AV14: =SUM(AE14:AU14) -> 200341
A15: 支出% | B15: =VALUE(RIGHT(B9,2))/12 -> 0.083333333 | D15: 生活 | E15: 醫療費用 | F15: =180+200 -> 380 | H15: =200+500 -> 700 | S15: =SUM(F15:R15) -> 1080 | V15: =$C$104 -> 202306 | W15: =T104 -> 77913 | X15: =T111 -> 9335 | Y15: =T116 -> 97964 | Z15: =W15+X15+Y15 -> 185212 | AA15: =W15/'2022'!W15-1 -> -0.24926288 | AB15: =X15/'2022'!X15-1 -> -0.43352145 | AC15: =Y15/'2022'!Y15-1 -> 0.29482672 | AD15: =V15 -> 202306 | AE15: =SUMPRODUCT(($D$104:$D$120=$AE$6)*($E$104:$E$120=AE$9)*$S$104:$S$120) -> 33677 | AF15: =SUMPRODUCT(($D$104:$D$120=$AE$6)*($E$104:$E$120=AF$9)*$S$104:$S$120) -> 935 | AG15: =SUMPRODUCT(($D$104:$D$120=$AE$6)*($E$104:$E$120=AG$9)*$S$104:$S$120) -> 6598 | AH15: =SUMPRODUCT(($D$104:$D$120=$AE$6)*($E$104:$E$120=AH$9)*$S$104:$S$120) -> 180 | AI15: =SUMPRODUCT(($D$104:$D$120=$AE$6)*($E$104:$E$120=AI$9)*$S$104:$S$120) -> 24000 | AJ15: =SUMPRODUCT(($D$104:$D$120=$AE$6)*($E$104:$E$120=AJ$9)*$S$104:$S$120) -> 6867 | AK15: =SUMPRODUCT(($D$104:$D$120=$AE$6)*($E$104:$E$120=AK$9)*$S$104:$S$120) -> 5656 | AL15: =SUMPRODUCT(($D$104:$D$120=$AL$6)*($E$104:$E$120=AL$9)*$S$104:$S$120) -> 6100 | AM15: =SUMPRODUCT(($D$104:$D$120=$AL$6)*($E$104:$E$120=AM$9)*$S$104:$S$120) -> 0 | AN15: =SUMPRODUCT(($D$104:$D$120=$AL$6)*($E$104:$E$120=AN$9)*$S$104:$S$120) -> 0 | AO15: =SUMPRODUCT(($D$104:$D$120=$AL$6)*($E$104:$E$120=AO$9)*$S$104:$S$120) -> 0 | AP15: =SUMPRODUCT(($D$104:$D$120=$AL$6)*($E$104:$E$120=AP$9)*$S$104:$S$120) -> 3235 | AQ15: =SUMPRODUCT(($D$104:$D$120=$AQ$6)*($E$104:$E$120=AQ$9)*$S$104:$S$120) -> 26357 | AR15: =SUMPRODUCT(($D$104:$D$120=$AQ$6)*($E$104:$E$120=AR$9)*$S$104:$S$120) -> 0 | AS15: =SUMPRODUCT(($D$104:$D$120=$AQ$6)*($E$104:$E$120=AS$9)*$S$104:$S$120) -> 57778 | AT15: =SUMPRODUCT(($D$104:$D$120=$AQ$6)*($E$104:$E$120=AT$9)*$S$104:$S$120) -> 0 | AU15: =SUMPRODUCT(($D$104:$D$120=$AQ$6)*($E$104:$E$120=AU$9)*$S$104:$S$120) -> 13829 | AV15: =SUM(AE15:AU15) -> 185212
A16: 剩餘/超支 $$ | B16: =B10*VALUE(RIGHT(B9,2))-B13 -> -25340 | D16: 想要&奢侈品 | E16: N | M16: 199 | O16: 290 | S16: =SUM(F16:R16) -> 489 | T16: =SUM(S16:S20) -> 47777 | V16: =$C$123 -> 202307 | W16: =T123 -> 80948 | X16: =T130 -> 13438 | Y16: =T135 -> 134425 | Z16: =W16+X16+Y16 -> 228811 | AA16: =W16/'2022'!W16-1 -> -0.12490541 | AB16: =X16/'2022'!X16-1 -> -0.51969405 | AC16: =Y16/'2022'!Y16-1 -> 2.6077563 | AD16: =V16 -> 202307 | AE16: =SUMPRODUCT(($D$123:$D$139=$AE$6)*($E$123:$E$139=AE$9)*$S$123:$S$139) -> 29831 | AF16: =SUMPRODUCT(($D$123:$D$139=$AE$6)*($E$123:$E$139=AF$9)*$S$123:$S$139) -> 600 | AG16: =SUMPRODUCT(($D$123:$D$139=$AE$6)*($E$123:$E$139=AG$9)*$S$123:$S$139) -> 10336 | AH16: =SUMPRODUCT(($D$123:$D$139=$AE$6)*($E$123:$E$139=AH$9)*$S$123:$S$139) -> 900 | AI16: =SUMPRODUCT(($D$123:$D$139=$AE$6)*($E$123:$E$139=AI$9)*$S$123:$S$139) -> 11500 | AJ16: =SUMPRODUCT(($D$123:$D$139=$AE$6)*($E$123:$E$139=AJ$9)*$S$123:$S$139) -> 20042 | AK16: =SUMPRODUCT(($D$123:$D$139=$AE$6)*($E$123:$E$139=AK$9)*$S$123:$S$139) -> 7739 | AL16: =SUMPRODUCT(($D$123:$D$139=$AL$6)*($E$123:$E$139=AL$9)*$S$123:$S$139) -> 3458 | AM16: =SUMPRODUCT(($D$123:$D$139=$AL$6)*($E$123:$E$139=AM$9)*$S$123:$S$139) -> 2680 | AN16: =SUMPRODUCT(($D$123:$D$139=$AL$6)*($E$123:$E$139=AN$9)*$S$123:$S$139) -> 380 | AO16: =SUMPRODUCT(($D$123:$D$139=$AL$6)*($E$123:$E$139=AO$9)*$S$123:$S$139) -> 1570 | AP16: =SUMPRODUCT(($D$123:$D$139=$AL$6)*($E$123:$E$139=AP$9)*$S$123:$S$139) -> 5350 | AQ16: =SUMPRODUCT(($D$123:$D$139=$AQ$6)*($E$123:$E$139=AQ$9)*$S$123:$S$139) -> 53035 | AR16: =SUMPRODUCT(($D$123:$D$139=$AQ$6)*($E$123:$E$139=AR$9)*$S$123:$S$139) -> 4414 | AS16: =SUMPRODUCT(($D$123:$D$139=$AQ$6)*($E$123:$E$139=AS$9)*$S$123:$S$139) -> 63957 | AT16: =SUMPRODUCT(($D$123:$D$139=$AQ$6)*($E$123:$E$139=AT$9)*$S$123:$S$139) -> 0 | AU16: =SUMPRODUCT(($D$123:$D$139=$AQ$6)*($E$123:$E$139=AU$9)*$S$123:$S$139) -> 13019 | AV16: =SUM(AE16:AU16) -> 228811
A17: 剩餘/超支 $$(本月) | B17: =$J$2-(S26-F23) -> -25340 | D17: 想要&奢侈品 | E17: A | F17: =34800+2000 -> 36800 | O17: =9500+99*2 -> 9698 | S17: =SUM(F17:R17) -> 46498 | V17: =$C$142 -> 202308 | W17: =T142 -> 115480 | X17: =T149 -> 16620 | Y17: =T154 -> 118038 | Z17: =W17+X17+Y17 -> 250138 | AA17: =W17/'2022'!W17-1 -> 0.073054693 | AB17: =X17/'2022'!X17-1 -> 2.0345079 | AC17: =Y17/'2022'!Y17-1 -> 2.0426086 | AD17: =V17 -> 202308 | AE17: =SUMPRODUCT(($D$142:$D$158=$AE$6)*($E$142:$E$158=AE$9)*$S$142:$S$158) -> 22419 | AF17: =SUMPRODUCT(($D$142:$D$158=$AE$6)*($E$142:$E$158=AF$9)*$S$142:$S$158) -> 437 | AG17: =SUMPRODUCT(($D$142:$D$158=$AE$6)*($E$142:$E$158=AG$9)*$S$142:$S$158) -> 13445 | AH17: =SUMPRODUCT(($D$142:$D$158=$AE$6)*($E$142:$E$158=AH$9)*$S$142:$S$158) -> 200 | AI17: =SUMPRODUCT(($D$142:$D$158=$AE$6)*($E$142:$E$158=AI$9)*$S$142:$S$158) -> 48495 | AJ17: =SUMPRODUCT(($D$142:$D$158=$AE$6)*($E$142:$E$158=AJ$9)*$S$142:$S$158) -> 24868 | AK17: =SUMPRODUCT(($D$142:$D$158=$AE$6)*($E$142:$E$158=AK$9)*$S$142:$S$158) -> 5616 | AL17: =SUMPRODUCT(($D$142:$D$158=$AL$6)*($E$142:$E$158=AL$9)*$S$142:$S$158) -> 4700 | AM17: =SUMPRODUCT(($D$142:$D$158=$AL$6)*($E$142:$E$158=AM$9)*$S$142:$S$158) -> 3980 | AN17: =SUMPRODUCT(($D$142:$D$158=$AL$6)*($E$142:$E$158=AN$9)*$S$142:$S$158) -> 2670 | AO17: =SUMPRODUCT(($D$142:$D$158=$AL$6)*($E$142:$E$158=AO$9)*$S$142:$S$158) -> 60 | AP17: =SUMPRODUCT(($D$142:$D$158=$AL$6)*($E$142:$E$158=AP$9)*$S$142:$S$158) -> 5210 | AQ17: =SUMPRODUCT(($D$142:$D$158=$AQ$6)*($E$142:$E$158=AQ$9)*$S$142:$S$158) -> 53241 | AR17: =SUMPRODUCT(($D$142:$D$158=$AQ$6)*($E$142:$E$158=AR$9)*$S$142:$S$158) -> 780 | AS17: =SUMPRODUCT(($D$142:$D$158=$AQ$6)*($E$142:$E$158=AS$9)*$S$142:$S$158) -> 50588 | AT17: =SUMPRODUCT(($D$142:$D$158=$AQ$6)*($E$142:$E$158=AT$9)*$S$142:$S$158) -> 0 | AU17: =SUMPRODUCT(($D$142:$D$158=$AQ$6)*($E$142:$E$158=AU$9)*$S$142:$S$158) -> 13429 | AV17: =SUM(AE17:AU17) -> 250138
D18: 想要&奢侈品 | E18: L | F18: 150 | S18: =SUM(F18:R18) -> 150 | V18: =$C$161 -> 202309 | W18: =T161 -> 131306 | X18: =T168 -> 13494 | Y18: =T173 -> 45011 | Z18: =W18+X18+Y18 -> 189811 | AA18: =W18/'2022'!W18-1 -> 0.19905395 | AB18: =X18/'2022'!X18-1 -> 1.225998 | AC18: =Y18/'2022'!Y18-1 -> -0.47022822 | AD18: =V18 -> 202309 | AE18: =SUMPRODUCT(($D$161:$D$177=$AE$6)*($E$161:$E$177=AE$9)*$S$161:$S$177) -> 24451 | AF18: =SUMPRODUCT(($D$161:$D$177=$AE$6)*($E$161:$E$177=AF$9)*$S$161:$S$177) -> 1000 | AG18: =SUMPRODUCT(($D$161:$D$177=$AE$6)*($E$161:$E$177=AG$9)*$S$161:$S$177) -> 10397 | AH18: =SUMPRODUCT(($D$161:$D$177=$AE$6)*($E$161:$E$177=AH$9)*$S$161:$S$177) -> 450 | AI18: =SUMPRODUCT(($D$161:$D$177=$AE$6)*($E$161:$E$177=AI$9)*$S$161:$S$177) -> 15175 | AJ18: =SUMPRODUCT(($D$161:$D$177=$AE$6)*($E$161:$E$177=AJ$9)*$S$161:$S$177) -> 64650 | AK18: =SUMPRODUCT(($D$161:$D$177=$AE$6)*($E$161:$E$177=AK$9)*$S$161:$S$177) -> 15183 | AL18: =SUMPRODUCT(($D$161:$D$177=$AL$6)*($E$161:$E$177=AL$9)*$S$161:$S$177) -> 2104 | AM18: =SUMPRODUCT(($D$161:$D$177=$AL$6)*($E$161:$E$177=AM$9)*$S$161:$S$177) -> 170 | AN18: =SUMPRODUCT(($D$161:$D$177=$AL$6)*($E$161:$E$177=AN$9)*$S$161:$S$177) -> 610 | AO18: =SUMPRODUCT(($D$161:$D$177=$AL$6)*($E$161:$E$177=AO$9)*$S$161:$S$177) -> 610 | AP18: =SUMPRODUCT(($D$161:$D$177=$AL$6)*($E$161:$E$177=AP$9)*$S$161:$S$177) -> 10000 | AQ18: =SUMPRODUCT(($D$161:$D$177=$AQ$6)*($E$161:$E$177=AQ$9)*$S$161:$S$177) -> 0 | AR18: =SUMPRODUCT(($D$161:$D$177=$AQ$6)*($E$161:$E$177=AR$9)*$S$161:$S$177) -> 0 | AS18: =SUMPRODUCT(($D$161:$D$177=$AQ$6)*($E$161:$E$177=AS$9)*$S$161:$S$177) -> 31162 | AT18: =SUMPRODUCT(($D$161:$D$177=$AQ$6)*($E$161:$E$177=AT$9)*$S$161:$S$177) -> 2020 | AU18: =SUMPRODUCT(($D$161:$D$177=$AQ$6)*($E$161:$E$177=AU$9)*$S$161:$S$177) -> 11829 | AV18: =SUM(AE18:AU18) -> 189811
D19: 想要&奢侈品 | E19: D | F19: =150+200 -> 350 | S19: =SUM(F19:R19) -> 350 | V19: =$C$180 -> 202310 | W19: =T180 -> 74439 | X19: =T187 -> 11500 | Y19: =T192 -> 167513.51 | Z19: =W19+X19+Y19 -> 253452.51 | AA19: =W19/'2022'!W19-1 -> 0.20291846 | AB19: =X19/'2022'!X19-1 -> -0.69214295 | AC19: =Y19/'2022'!Y19-1 -> 2.9702671 | AD19: =V19 -> 202310 | AE19: =SUMPRODUCT(($D$180:$D$196=$AE$6)*($E$180:$E$196=AE$9)*$S$180:$S$196) -> 22339 | AF19: =SUMPRODUCT(($D$180:$D$196=$AE$6)*($E$180:$E$196=AF$9)*$S$180:$S$196) -> 0 | AG19: =SUMPRODUCT(($D$180:$D$196=$AE$6)*($E$180:$E$196=AG$9)*$S$180:$S$196) -> 18446 | AH19: =SUMPRODUCT(($D$180:$D$196=$AE$6)*($E$180:$E$196=AH$9)*$S$180:$S$196) -> 250 | AI19: =SUMPRODUCT(($D$180:$D$196=$AE$6)*($E$180:$E$196=AI$9)*$S$180:$S$196) -> 20565 | AJ19: =SUMPRODUCT(($D$180:$D$196=$AE$6)*($E$180:$E$196=AJ$9)*$S$180:$S$196) -> 0 | AK19: =SUMPRODUCT(($D$180:$D$196=$AE$6)*($E$180:$E$196=AK$9)*$S$180:$S$196) -> 12839 | AL19: =SUMPRODUCT(($D$180:$D$196=$AL$6)*($E$180:$E$196=AL$9)*$S$180:$S$196) -> 600 | AM19: =SUMPRODUCT(($D$180:$D$196=$AL$6)*($E$180:$E$196=AM$9)*$S$180:$S$196) -> 2350 | AN19: =SUMPRODUCT(($D$180:$D$196=$AL$6)*($E$180:$E$196=AN$9)*$S$180:$S$196) -> 1795 | AO19: =SUMPRODUCT(($D$180:$D$196=$AL$6)*($E$180:$E$196=AO$9)*$S$180:$S$196) -> 1355 | AP19: =SUMPRODUCT(($D$180:$D$196=$AL$6)*($E$180:$E$196=AP$9)*$S$180:$S$196) -> 5400 | AQ19: =SUMPRODUCT(($D$180:$D$196=$AQ$6)*($E$180:$E$196=AQ$9)*$S$180:$S$196) -> 160974.51 | AR19: =SUMPRODUCT(($D$180:$D$196=$AQ$6)*($E$180:$E$196=AR$9)*$S$180:$S$196) -> 3150 | AS19: =SUMPRODUCT(($D$180:$D$196=$AQ$6)*($E$180:$E$196=AS$9)*$S$180:$S$196) -> 3389 | AT19: =SUMPRODUCT(($D$180:$D$196=$AQ$6)*($E$180:$E$196=AT$9)*$S$180:$S$196) -> 0 | AU19: =SUMPRODUCT(($D$180:$D$196=$AQ$6)*($E$180:$E$196=AU$9)*$S$180:$S$196) -> 0 | AV19: =SUM(AE19:AU19) -> 253452.51
D20: 想要&奢侈品 | E20: 其它 | F20: 290 | S20: =SUM(F20:R20) -> 290 | V20: =$C$199 -> 202311 | W20: =T199 -> 66255 | X20: =T206 -> 8180 | Y20: =T211 -> 49015 | Z20: =W20+X20+Y20 -> 123450 | AA20: =W20/'2022'!W20-1 -> 0.12617283 | AB20: =X20/'2022'!X20-1 -> -0.39888301 | AC20: =Y20/'2022'!Y20-1 -> -0.213457 | AD20: =V20 -> 202311 | AE20: =SUMPRODUCT(($D$199:$D$215=$AE$6)*($E$199:$E$215=AE$9)*$S$199:$S$215) -> 25918 | AF20: =SUMPRODUCT(($D$199:$D$215=$AE$6)*($E$199:$E$215=AF$9)*$S$199:$S$215) -> 0 | AG20: =SUMPRODUCT(($D$199:$D$215=$AE$6)*($E$199:$E$215=AG$9)*$S$199:$S$215) -> 12350 | AH20: =SUMPRODUCT(($D$199:$D$215=$AE$6)*($E$199:$E$215=AH$9)*$S$199:$S$215) -> 0 | AI20: =SUMPRODUCT(($D$199:$D$215=$AE$6)*($E$199:$E$215=AI$9)*$S$199:$S$215) -> 15806 | AJ20: =SUMPRODUCT(($D$199:$D$215=$AE$6)*($E$199:$E$215=AJ$9)*$S$199:$S$215) -> 7180 | AK20: =SUMPRODUCT(($D$199:$D$215=$AE$6)*($E$199:$E$215=AK$9)*$S$199:$S$215) -> 5001 | AL20: =SUMPRODUCT(($D$199:$D$215=$AL$6)*($E$199:$E$215=AL$9)*$S$199:$S$215) -> 0 | AM20: =SUMPRODUCT(($D$199:$D$215=$AL$6)*($E$199:$E$215=AM$9)*$S$199:$S$215) -> 800 | AN20: =SUMPRODUCT(($D$199:$D$215=$AL$6)*($E$199:$E$215=AN$9)*$S$199:$S$215) -> 1110 | AO20: =SUMPRODUCT(($D$199:$D$215=$AL$6)*($E$199:$E$215=AO$9)*$S$199:$S$215) -> 510 | AP20: =SUMPRODUCT(($D$199:$D$215=$AL$6)*($E$199:$E$215=AP$9)*$S$199:$S$215) -> 5760 | AQ20: =SUMPRODUCT(($D$199:$D$215=$AQ$6)*($E$199:$E$215=AQ$9)*$S$199:$S$215) -> 26326 | AR20: =SUMPRODUCT(($D$199:$D$215=$AQ$6)*($E$199:$E$215=AR$9)*$S$199:$S$215) -> 3572 | AS20: =SUMPRODUCT(($D$199:$D$215=$AQ$6)*($E$199:$E$215=AS$9)*$S$199:$S$215) -> 5338 | AT20: =SUMPRODUCT(($D$199:$D$215=$AQ$6)*($E$199:$E$215=AT$9)*$S$199:$S$215) -> 11779 | AU20: =SUMPRODUCT(($D$199:$D$215=$AQ$6)*($E$199:$E$215=AU$9)*$S$199:$S$215) -> 2000 | AV20: =SUM(AE20:AU20) -> 123450
D21: 一次性支出 | E21: 旅遊 | F21: =180+200+80+95+215+135+374+30+24320+190+50+30+100+200+45+105+600+500+120+40 -> 27609 | H21: =5665+260+1364+135+250 -> 7674 | I21: =125+1249+400+400 -> 2174 | J21: 2286 | O21: 238 | S21: =SUM(F21:R21) -> 39981 | T21: =SUM(S21:S25) -> 86141 | V21: =$C$218 -> 202312 | W21: =T218 -> 66375 | X21: =T225 -> 10826 | Y21: =T230 -> 16020 | Z21: =W21+X21+Y21 -> 93221 | AA21: =W21/'2022'!W21-1 -> -0.29284481 | AB21: =X21/'2022'!X21-1 -> -0.64298905 | AC21: =Y21/'2022'!Y21-1 -> -0.72498798 | AD21: =V21 -> 202312 | AE21: =SUMPRODUCT(($D$218:$D$234=$AE$6)*($E$218:$E$234=AE$9)*$S$218:$S$234) -> 23031 | AF21: =SUMPRODUCT(($D$218:$D$234=$AE$6)*($E$218:$E$234=AF$9)*$S$218:$S$234) -> 0 | AG21: =SUMPRODUCT(($D$218:$D$234=$AE$6)*($E$218:$E$234=AG$9)*$S$218:$S$234) -> 11302 | AH21: =SUMPRODUCT(($D$218:$D$234=$AE$6)*($E$218:$E$234=AH$9)*$S$218:$S$234) -> 450 | AI21: =SUMPRODUCT(($D$218:$D$234=$AE$6)*($E$218:$E$234=AI$9)*$S$218:$S$234) -> 20575 | AJ21: =SUMPRODUCT(($D$218:$D$234=$AE$6)*($E$218:$E$234=AJ$9)*$S$218:$S$234) -> 9017 | AK21: =SUMPRODUCT(($D$218:$D$234=$AE$6)*($E$218:$E$234=AK$9)*$S$218:$S$234) -> 2000 | AL21: =SUMPRODUCT(($D$218:$D$234=$AL$6)*($E$218:$E$234=AL$9)*$S$218:$S$234) -> 2997 | AM21: =SUMPRODUCT(($D$218:$D$234=$AL$6)*($E$218:$E$234=AM$9)*$S$218:$S$234) -> 1290 | AN21: =SUMPRODUCT(($D$218:$D$234=$AL$6)*($E$218:$E$234=AN$9)*$S$218:$S$234) -> 60 | AO21: =SUMPRODUCT(($D$218:$D$234=$AL$6)*($E$218:$E$234=AO$9)*$S$218:$S$234) -> 759 | AP21: =SUMPRODUCT(($D$218:$D$234=$AL$6)*($E$218:$E$234=AP$9)*$S$218:$S$234) -> 5720 | AQ21: =SUMPRODUCT(($D$218:$D$234=$AQ$6)*($E$218:$E$234=AQ$9)*$S$218:$S$234) -> 0 | AR21: =SUMPRODUCT(($D$218:$D$234=$AQ$6)*($E$218:$E$234=AR$9)*$S$218:$S$234) -> 1661 | AS21: =SUMPRODUCT(($D$218:$D$234=$AQ$6)*($E$218:$E$234=AS$9)*$S$218:$S$234) -> 1747 | AT21: =SUMPRODUCT(($D$218:$D$234=$AQ$6)*($E$218:$E$234=AT$9)*$S$218:$S$234) -> 12612 | AU21: =SUMPRODUCT(($D$218:$D$234=$AQ$6)*($E$218:$E$234=AU$9)*$S$218:$S$234) -> 0 | AV21: =SUM(AE21:AU21) -> 93221
D22: 一次性支出 | E22: 家庭聚會 | O22: 1800 | S22: =SUM(F22:R22) -> 1800
D23: 一次性支出 | E23: 稅費 | F23: =27778 -> 27778 | S23: =SUM(F23:R23) -> 27778
D24: 一次性支出 | E24: 保險 | Q24: 6753 | S24: =SUM(F24:R24) -> 6753
D25: 一次性支出 | E25: 其它 | H25: =11829-5000-7000 -> -171 | Q25: =12000-2000 -> 10000 | S25: =SUM(F25:R25) -> 9829
D26: Total | E26: Total | F26: =SUM(F9:F25) -> 135126 | G26: =SUM(G9:G25) -> 0 | H26: =SUM(H9:H25) -> 18223 | I26: =SUM(I9:I25) -> 8765 | J26: =SUM(J9:J25) -> 4176 | K26: =SUM(K9:K25) -> 0 | L26: =SUM(L9:L25) -> 0 | M26: =SUM(M9:M25) -> 436 | ... S26: =SUM(S9:S25) -> 213118
A28: 月份 | B28: 202302 | C28: 202302 | D28: 生活 | E28: 食 | F28: =49+50+250+250+268+1089+130+70+918+150+309+195+69+150+80+800+305+465+28 -> 5625 | H28: =185+80+65+110+55+20+30+118+2112+50+110+43+71+1176+520+100+27+100+270+417+58+20+70+156+0+110+100 -> 6173 | M28: =135+213+500+730+314 -> 1892 | O28: =80+65+478+165+115+90 -> 993 | Q28: =2000+2000+2000+2000 -> 8000 | S28: =SUM(F28:R28) -> 22683 | T28: =SUM(S28:S34) -> 89755
A29: 預計支出/月 | B29: =$J$2 -> 160000 | D29: 生活 | E29: 衣 | S29: =SUM(F29:R29) -> 0
A30: Total(到本月) | B30: =SUMPRODUCT((($V$10:$V$21)<=VALUE(B28))*($Z$10:$Z$21)) -> 406751 | D30: 生活 | E30: 住 | F30: 3028 | H30: 174 | M30: 1069 | Q30: =10500-7000+596 -> 4096 | S30: =SUM(F30:R30) -> 8367
A31: YOY% | B31: =B30/SUMPRODUCT(('2023'!$V$10:$V$21<='2023'!B28)*'2022'!$Z$10:$Z$21) -> 1.2150018 | D31: 生活 | E31: 行 | F31: =240+1600+80+240+240+250+80+240+120 -> 3090 | H31: =557+605+70+60 -> 1292 | I31: =400+1347 -> 1747 | M31: =30+20 -> 50 | S31: =SUM(F31:R31) -> 6179
A32: Total-車貸(本月) | B32: =B30-$K$2*VALUE(RIGHT(B28,2))/9 -> 351195 | D32: 生活 | E32: 育-基本 | F32: =45465+66 -> 45531 | S32: =SUM(F32:R32) -> 45531
A33: 實際占預計支出% | B33: =B32/($J$2*12) -> 0.18291406 | D33: 生活 | E33: 育-才藝 | F33: =1500+900+300+2000 -> 4700 | H33: 2215 | S33: =SUM(F33:R33) -> 6915
A34: 支出% | B34: =VALUE(RIGHT(B28,2))/12 -> 0.16666667 | D34: 生活 | E34: 醫療費用 | F34: 80 | S34: =SUM(F34:R34) -> 80
A35: 剩餘/超支 $$ | B35: =B29*VALUE(RIGHT(B28,2))-B32 -> -31195 | D35: 想要&奢侈品 | E35: N | M35: 40 | S35: =SUM(F35:R35) -> 40 | T35: =SUM(S35:S39) -> 2218
A36: 剩餘/超支 $$(本月) | B36: =$J$2-(S45-F42) -> -5855 | D36: 想要&奢侈品 | E36: A | M36: 40 | S36: =SUM(G36:R36) -> 40
D37: 想要&奢侈品 | E37: L | F37: 799 | H37: =125+45 -> 170 | S37: =SUM(F37:R37) -> 969
D38: 想要&奢侈品 | E38: D | F38: 899 | H38: =125+45 -> 170 | S38: =SUM(F38:R38) -> 1069
D39: 想要&奢侈品 | E39: 其它 | M39: 100 | S39: =SUM(F39:R39) -> 100
D40: 一次性支出 | E40: 旅遊 | F40: =70000+1400-50000 -> 21400 | L40: 5620 | M40: =74878+1123-50000 -> 26001 | O40: 8055 | S40: =SUM(F40:R40) -> 61076 | T40: =SUM(S40:S44) -> 101660
D41: 一次性支出 | E41: 家庭聚會 | S41: =SUM(F41:R41) -> 0
D42: 一次性支出 | E42: 稅費 | F42: =27778 -> 27778 | S42: =SUM(F42:R42) -> 27778
D43: 一次性支出 | E43: 保險 | M43: =1182 -> 1182 | O43: 1182 | Q43: 6753 | S43: =SUM(F43:R43) -> 9117
D44: 一次性支出 | E44: 其它 | H44: =11829-17000-2300-1000 -> -8471 | O44: =11000+1160 -> 12160 | S44: =SUM(F44:R44) -> 3689
D45: Total | E45: Total | F45: =SUM(F28:F44) -> 112930 | G45: =SUM(G28:G44) -> 0 | H45: =SUM(H28:H44) -> 1723 | I45: =SUM(I28:I44) -> 1747 | J45: =SUM(J28:J44) -> 0 | K45: =SUM(K28:K44) -> 0 | L45: =SUM(L28:L44) -> 5620 | M45: =SUM(M28:M44) -> 30374 | ... S45: =SUM(S28:S44) -> 193633
A47: 月份 | B47: 202303 | C47: 202303 | D47: 生活 | E47: 食 | F47: =258+180+95+200+146+1224+538+100+530+84+50+539+148+1000+120+105+100+600+95 -> 6112 | H47: =512+140+320+314+75+53+39+27+218+259+275+110+40+25+111+100+70+58+160+87+216+55+12+49+35+98+85+180+140+113+620+110+105+70+520+540+251+171+235+226+130+89+121+207+175+59+7+171+203+112+20+72+769+115+619 -> 9693 | I47: =50+91 -> 141 | M47: =890+688+25+356 -> 1959 | N47: =50+50 -> 100 | O47: =460+1015+220+65+128+180+200 -> 2268 | Q47: =2200+2000+2000+2000+2000 -> 10200 | S47: =SUM(F47:R47) -> 30473 | T47: =SUM(S47:S53) -> 106277
A48: 預計支出/月 | B48: =$J$2 -> 160000 | D48: 生活 | E48: 衣 | F48: 400 | S48: =SUM(F48:R48) -> 400
A49: Total(到本月) | B49: =SUMPRODUCT((($V$10:$V$21)<=VALUE(B47))*($Z$10:$Z$21)) -> 594971 | D49: 生活 | E49: 住 | F49: =3028+596 -> 3624 | H49: =445+1275+538+140 -> 2398 | J49: 79 | Q49: =10500-7000+1157+596 -> 5253 | S49: =SUM(F49:R49) -> 11354
A50: YOY% | B50: =B49/SUMPRODUCT(('2023'!$V$10:$V$21<='2023'!B47)*'2022'!$Z$10:$Z$21) -> 1.2438167 | D50: 生活 | E50: 行 | F50: =240+200+80+10+70+80+130+80+220+25+20+15 -> 1170 | H50: =120+655+40+1265+140 -> 2220 | M50: 872 | S50: =SUM(F50:R50) -> 4262
A51: Total-車貸(本月) | B51: =B49-$K$2*VALUE(RIGHT(B47,2))/9 -> 511637 | D51: 生活 | E51: 育-基本 | F51: =11000+6000+100 -> 17100 | H51: =3589+1446 -> 5035 | S51: =SUM(F51:R51) -> 22135
A52: 實際占預計支出% | B52: =B51/($J$2*12) -> 0.2664776 | D52: 生活 | E52: 育-才藝 | F52: =30650+7000-567 -> 37083 | S52: =SUM(F52:R52) -> 37083
A53: 支出% | B53: =VALUE(RIGHT(B47,2))/12 -> 0.25 | D53: 生活 | E53: 醫療費用 | F53: =230+50+50+240 -> 570 | S53: =SUM(F53:R53) -> 570
A54: 剩餘/超支 $$ | B54: =B48*VALUE(RIGHT(B47,2))-B51 -> -31637 | D54: 想要&奢侈品 | E54: N | H54: 500 | S54: =SUM(F54:R54) -> 500 | T54: =SUM(S54:S58) -> 4371
A55: 剩餘/超支 $$(本月) | B55: =$J$2-(S64-F61) -> -442 | D55: 想要&奢侈品 | E55: A | M55: 610 | S55: =SUM(F55:R55) -> 610
D56: 想要&奢侈品 | E56: L | H56: 200 | M56: =218 -> 218 | O56: 1200 | S56: =SUM(F56:R56) -> 1618
D57: 想要&奢侈品 | E57: D | H57: =1245+200 -> 1445 | S57: =SUM(F57:R57) -> 1445
D58: 想要&奢侈品 | E58: 其它 | M58: 198 | S58: =SUM(F58:R58) -> 198
D59: 一次性支出 | E59: 旅遊 | F59: 10000 | H59: 900 | M59: =5532+10000 -> 15532 | S59: =SUM(F59:R59) -> 26432 | T59: =SUM(S59:S63) -> 77572
D60: 一次性支出 | E60: 家庭聚會 | M60: 840 | S60: =SUM(F60:R60) -> 840
D61: 一次性支出 | E61: 稅費 | F61: =27778 -> 27778 | S61: =SUM(F61:R61) -> 27778
D62: 一次性支出 | E62: 保險 | Q62: 6753 | S62: =SUM(F62:R62) -> 6753
D63: 一次性支出 | E63: 其它 | H63: 11829 | M63: =1080+860 -> 1940 | Q63: 2000 | S63: =SUM(F63:R63) -> 15769
D64: Total | E64: Total | F64: =SUM(F47:F63) -> 103837 | G64: =SUM(G47:G63) -> 0 | H64: =SUM(H47:H63) -> 34220 | I64: =SUM(I47:I63) -> 141 | J64: =SUM(J47:J63) -> 79 | K64: =SUM(K47:K63) -> 0 | L64: =SUM(L47:L63) -> 0 | M64: =SUM(M47:M63) -> 22169 | ... S64: =SUM(S47:S63) -> 188220
A66: 月份 | B66: 202304 | C66: 202304 | D66: 生活 | E66: 食 | F66: =10+140+295+60+210+55+60+275+393+140+59+170+60+135+80+1161+33+40+230+1224+130+360+85+5+200+400+170+479+590+103+750+85+30+180+270+85+400+235+420+599+130+120 -> 10656 | H66: =150+180+190+350+1241+185+180+840+147+120+63+65+75+182+129+60+125+65+480+45+0+46+199+134+40+360+100+40+27+135+70+736+201+30+55+50+30+10+95+110+55+500 -> 7895 | I66: =460+55+70 -> 585 | J66: 855 | M66: =1496+283+300+1200+135 -> 3414 | N66: =50+50+10 -> 110 | O66: =4700+150+435+400 -> 5685 | Q66: =2000+2000+2000+2000 -> 8000 | S66: =SUM(F66:R66) -> 37200 | T66: =SUM(S66:S72) -> 83077
A67: 預計支出/月 | B67: =$J$2 -> 160000 | D67: 生活 | E67: 衣 | S67: =SUM(F67:R67) -> 0
A68: Total(到本月) | B68: =SUMPRODUCT((($V$10:$V$21)<=VALUE(B66))*($Z$10:$Z$21)) -> 781769 | D68: 生活 | E68: 住 | F68: 3028 | H68: =55+1728+866 -> 2649 | I68: 607 | Q68: =10500-7000+1465 -> 4965 | S68: =SUM(F68:R68) -> 11249
A69: YOY% | B69: =B68/SUMPRODUCT(('2023'!$V$10:$V$21<='2023'!B66)*'2022'!$Z$10:$Z$21) -> 1.284467 | D69: 生活 | E69: 行 | F69: =90+150+40+80+120+100+100+100+16+100+105 -> 1001 | H69: =200+1167+75+392+183 -> 2017 | S69: =SUM(F69:R69) -> 3018
A70: Total-車貸(本月) | B70: =B68-$K$2*VALUE(RIGHT(B66,2))/9 -> 670657 | D70: 生活 | E70: 育-基本 | F70: =11500+4500 -> 16000 | S70: =SUM(F70:R70) -> 16000
A71: 實際占預計支出% | B71: =B70/($J$2*12) -> 0.34930052 | D71: 生活 | E71: 育-才藝 | F71: =7250+6200+750+750 -> 14950 | S71: =SUM(F71:R71) -> 14950
A72: 支出% | B72: =VALUE(RIGHT(B66,2))/12 -> 0.33333333 | D72: 生活 | E72: 醫療費用 | F72: =200+80+50+50+50+180+50 -> 660 | S72: =SUM(F72:R72) -> 660
A73: 剩餘/超支 $$ | B73: =B67*VALUE(RIGHT(B66,2))-B70 -> -30657 | D73: 想要&奢侈品 | E73: N | H73: =168+4 -> 172 | O73: 590 | S73: =SUM(F73:R73) -> 762 | T73: =SUM(S73:S77) -> 9891
A74: 剩餘/超支 $$(本月) | B74: =$J$2-(S83-F80) -> 980 | D74: 想要&奢侈品 | E74: A | H74: =130+590 -> 720 | O74: 1130 | S74: =SUM(F74:R74) -> 1850
D75: 想要&奢侈品 | E75: L | M75: 6499 | O75: 390 | S75: =SUM(F75:R75) -> 6889
D76: 想要&奢侈品 | E76: D | O76: 390 | S76: =SUM(F76:R76) -> 390
D77: 想要&奢侈品 | E77: 其它 | S77: =SUM(F77:R77) -> 0
D78: 一次性支出 | E78: 旅遊 | F78: =10000+2000+1000+1260+400 -> 14660 | H78: =260+800+110+460 -> 1630 | M78: =5532+10000+3114 -> 18646 | O78: 1306 | S78: =SUM(F78:R78) -> 36242 | T78: =SUM(S78:S82) -> 93830
D79: 一次性支出 | E79: 家庭聚會 | S79: =SUM(F79:R79) -> 0
D80: 一次性支出 | E80: 稅費 | F80: =27778 -> 27778 | H80: 11230 | S80: =SUM(F80:R80) -> 39008
D81: 一次性支出 | E81: 保險 | Q81: 6751 | S81: =SUM(F81:R81) -> 6751
D82: 一次性支出 | E82: 其它 | H82: 11829 | S82: =SUM(F82:R82) -> 11829
D83: Total | E83: Total | F83: =SUM(F66:F82) -> 88733 | G83: =SUM(G66:G82) -> 0 | H83: =SUM(H66:H82) -> 38142 | I83: =SUM(I66:I82) -> 1192 | J83: =SUM(J66:J82) -> 855 | K83: =SUM(K66:K82) -> 0 | L83: =SUM(L66:L82) -> 0 | M83: =SUM(M66:M82) -> 28559 | ... S83: =SUM(S66:S82) -> 186798
A85: 月份 | B85: 202305 | C85: 202305 | D85: 生活 | E85: 食 | F85: =285+500+918+20+400+120+100+310+70+200+90+245+450+105+295+590+35+700+164+335+200+305+13+150+250+40+420 -> 7310 | H85: =607+35+2+58+70+150+55+400+35+95+56+250+460+225+150+49+995+395+129+109+100+199+90+35+180+86 -> 5015 | I85: =460+143+90+83+199+100+180+75+35+0+225+39+258+55+55+50+30+53+130+55+165+75+40+348 -> 2943 | M85: =220+890+150+68+120+820+1460 -> 3728 | N85: =50+40+40 -> 130 | O85: =140+1144+250+110 -> 1644 | Q85: =2000+2000+2000+2000 -> 8000 | S85: =SUM(F85:R85) -> 28770 | T85: =SUM(S85:S91) -> 75189
A86: 預計支出/月 | B86: =$J$2 -> 160000 | D86: 生活 | E86: 衣 | F86: =250*3+400 -> 1150 | M86: 2480 | S86: =SUM(F86:R86) -> 3630
A87: Total(到本月) | B87: =SUMPRODUCT((($V$10:$V$21)<=VALUE(B85))*($Z$10:$Z$21)) -> 982110 | D87: 生活 | E87: 住 | F87: =3028+30 -> 3058 | H87: =378+942+61 -> 1381 | M87: 250 | Q87: =10500-7000+724 -> 4224 | S87: =SUM(F87:R87) -> 8913
A88: YOY% | B88: =B87/SUMPRODUCT(('2023'!$V$10:$V$21<='2023'!B85)*'2022'!$Z$10:$Z$21) -> 1.3025297 | D88: 生活 | E88: 行 | F88: =100+100+15+40+120+100+80+100+30+15 -> 700 | H88: =599+1292 -> 1891 | L88: 500 | M88: 108 | Q88: 597 | S88: =SUM(F88:R88) -> 3796
A89: Total-車貸(本月) | B89: =B87-$K$2*VALUE(RIGHT(B85,2))/9 -> 843220 | D89: 生活 | E89: 育-基本 | F89: =11500+4500+450 -> 16450 | S89: =SUM(F89:R89) -> 16450
A90: 實際占預計支出% | B90: =B89/($J$2*12) -> 0.43917708 | D90: 生活 | E90: 育-才藝 | F90: =900+5000 -> 5900 | I90: 2720 | S90: =SUM(F90:R90) -> 8620
A91: 支出% | B91: =VALUE(RIGHT(B85,2))/12 -> 0.41666667 | D91: 生活 | E91: 醫療費用 | F91: =50+50+200+4080+50+400 -> 4830 | H91: 180 | S91: =SUM(F91:R91) -> 5010
A92: 剩餘/超支 $$ | B92: =B86*VALUE(RIGHT(B85,2))-B89 -> -43220 | D92: 想要&奢侈品 | E92: N | O92: 12600 | S92: =SUM(F92:R92) -> 12600 | T92: =SUM(S92:S96) -> 16920
A93: 剩餘/超支 $$(本月) | B93: =$J$2-(S102-F99) -> -12563 | D93: 想要&奢侈品 | E93: A | M93: 1340 | O93: 580 | S93: =SUM(F93:R93) -> 1920
D94: 想要&奢侈品 | E94: L | O94: 200 | S94: =SUM(F94:R94) -> 200
D95: 想要&奢侈品 | E95: D | O95: 200 | S95: =SUM(F95:R95) -> 200
D96: 想要&奢侈品 | E96: 其它 | Q96: 2000 | S96: =SUM(F96:R96) -> 2000
D97: 一次性支出 | E97: 旅遊 | F97: =10000+1250+360+1695 -> 13305 | M97: =5532+10000 -> 15532 | S97: =SUM(F97:R97) -> 28837 | T97: =SUM(S97:S101) -> 108232
D98: 一次性支出 | E98: 家庭聚會 | F98: =200+483 -> 683 | I98: 870 | M98: 2477 | S98: =SUM(F98:R98) -> 4030
D99: 一次性支出 | E99: 稅費 | F99: =27778 -> 27778 | H99: =7102+302+398+399+400+403 -> 9004 | S99: =SUM(F99:R99) -> 36782
D100: 一次性支出 | E100: 保險 | Q100: 6753 | S100: =SUM(F100:R100) -> 6753
D101: 一次性支出 | E101: 其它 | F101: =20001 -> 20001 | H101: =11829 -> 11829 | S101: =SUM(F101:R101) -> 31830
D102: Total | E102: Total | F102: =SUM(F85:F101) -> 101165 | G102: =SUM(G85:G101) -> 0 | H102: =SUM(H85:H101) -> 29300 | I102: =SUM(I85:I101) -> 6533 | J102: =SUM(J85:J101) -> 0 | K102: =SUM(K85:K101) -> 0 | L102: =SUM(L85:L101) -> 500 | M102: =SUM(M85:M101) -> 25915 | ... S102: =SUM(S85:S101) -> 200341
A104: 月份 | B104: 202306 | C104: 202306 | D104: 生活 | E104: 食 | F104: =330+1351+160+95+87+298+70+30+300+115+190+115+100+13+315+80+135+165+132+100+50+40+150+160+100+55+245+60+461+15+117+55+80+368+115+268 -> 6520 | H104: =18+79+447+351+200+59+0+39+120+75+79+69+224+164+195+90+30+38+68+48+70+109+50+13+65+179 -> 2879 | I104: =480+55+70+75+100+95+770+164+760+101+196+55 -> 2921 | M104: =233+3790+684+2530+1161+238+65 -> 8701 | N104: =890+261+40+730+40 -> 1961 | O104: =230+55+410 -> 695 | Q104: =2000+2000+2000+2000+2000 -> 10000 | S104: =SUM(F104:R104) -> 33677 | T104: =SUM(S104:S110) -> 77913
A105: 預計支出/月 | B105: =$J$2 -> 160000 | D105: 生活 | E105: 衣 | I105: 235 | O105: 700 | S105: =SUM(F105:R105) -> 935
...

Sheet 2025
A1: 生活 | B1: =SUMIF(D:D,A1,S:S) -> 1054473 | C1: =B1/$B$4 -> 0.53627931 | J1: 月支出估計 | L1: 年支出估計 | M1: 房貸
A2: 想要&奢侈品 | B2: =SUMIF(D:D,A2,S:S) -> 55131 | C2: =B2/$B$4 -> 0.028038285 | J2: =2000000/12 -> 166666.67 | L2: =J2*12+K2 -> 2000000 | M2: =141420*11 -> 1555620
A3: 一次性支出 | B3: =SUMIF(D:D,A3,S:S) -> 856671.76 | C3: =B3/$B$4 -> 0.43568241 | AD3: =YEAR(NOW())-1&IF(LEN(MONTH(NOW()))=1,"0","")&MONTH(NOW()) -> 202508
A4: Total | B4: =SUMIF(D:D,A4,S:S) -> 1966275.8 | C4: =B4-B89 -> 1077963.6 | AD4: =YEAR(NOW())&IF(LEN(MONTH(NOW()))=1,"0","")&MONTH(NOW()) -> 202608
A5: Total-車貸 | B5: =B4-K2 -> 1966275.8 | AD5: =SUM(AE5:AU5) -> 1966275.8 | AE5: =SUM(AE11:AE22) -> 291970 | AF5: =SUM(AF11:AF22) -> 21122 | AG5: =SUM(AG11:AG22) -> 215704 | AH5: =SUM(AH11:AH22) -> 76969 | AI5: =SUM(AI11:AI22) -> 315397 | AJ5: =SUM(AJ11:AJ22) -> 116618 | AK5: =SUM(AK11:AK22) -> 16693 | AL5: =SUM(AL11:AL22) -> 15939 | ... AU5: =SUM(AU11:AU22) -> 32851
A6: 占預計支出比例 | B6: =B4/L2 -> 0.98313788 | F6: =F7/$S$7 -> 0.3328737 | G6: =G7/$S$7 -> 0.02671548 | H6: =H7/$S$7 -> 0.082088689 | I6: =I7/$S$7 -> 0.16609485 | J6: =J7/$S$7 -> 0 | K6: =K7/$S$7 -> 0.0014260462 | L6: =L7/$S$7 -> 0.0054270109 | M6: =M7/$S$7 -> 0.10118316 | ... R6: =R7/$S$7 -> 0 | AE6: =W9 -> 生活 | AL6: =X9 -> 想要&奢侈品 | AQ6: =Y9 -> 一次性支出
F7: =SUMIF($D$9:$D$1012,"Total",F9:F1012) -> 654521.49 | G7: =SUMIF($D$9:$D$1012,"Total",G9:G1012) -> 52530 | H7: =SUMIF($D$9:$D$1012,"Total",H9:H1012) -> 161409 | I7: =SUMIF($D$9:$D$1012,"Total",I9:I1012) -> 326588.28 | J7: =SUMIF($D$9:$D$1012,"Total",J9:J1012) -> 0 | K7: =SUMIF($D$9:$D$1012,"Total",K9:K1012) -> 2804 | L7: =SUMIF($D$9:$D$1012,"Total",L9:L1012) -> 10671 | M7: =SUMIF($D$9:$D$1012,"Total",M9:M1012) -> 198954 | ... R7: =SUMIF($D$9:$D$1012,"Total",R9:R1012) -> 0 | S7: =SUM(F7:R7) -> 1966275.8 | AD7: YOY% | AE7: =SUMPRODUCT((VALUE($AD$11:$AD$22)<=VALUE($AD$4))*(AE11:AK22))/SUMPRODUCT((VALUE('2024'!$AD$10:$AD$21)<=VALUE($AD$3))*('2024'!AE$10:AK$21))-1 -> 0.052781881 | AL7: {=SUMPRODUCT((VALUE($AD$11:$AD$22)<=VALUE($AD$4))*(AL11:AP22))/SUMPRODUCT((VALUE('2024'!$AD$10:$AD$21)<=VALUE($AD$3))*('2024'!AL$10:AP$21))-1} -> -0.56461204 | AQ7: =SUMPRODUCT((VALUE($AD$11:$AD$22)<=VALUE($AD$4))*(AQ11:AU22))/SUMPRODUCT((VALUE('2024'!$AD$10:$AD$21)<=VALUE($AD$3))*('2024'!AQ$10:AU$21))-1 -> -0.21648519
C8: 年月 | F8: 其他現金支出 | G8: 匯豐 | H8: 台新ALL | I8: 玉山ALL | J8: 樂天 | K8: 上海 | L8: 國泰KOKO&COSTCO | M8: 合庫+永豐+星展 | N8: 聯邦微風卡 | O8: 王董Creditcard | P8: 中信 | Q8: 孝敬長輩 | R8: 合庫 | S8: Total | W8: =SUM(W10:W21) -> 1054473 | X8: =SUM(X10:X21) -> 55131 | Y8: =SUM(Y10:Y21) -> 856671.76 | Z8: =SUM(Z10:Z21) -> 1966275.8 | AD8: {=SUMPRODUCT((VALUE($AD$11:$AD$22)<=VALUE($AD$4))*(AE11:AU22))/SUMPRODUCT((VALUE('2024'!$AD$10:$AD$21)<=VALUE($AD$3))*('2024'!AE$10:AU$21))-1} -> -0.11492871 | AE8: =SUMPRODUCT((VALUE($AD$11:$AD$22)<=VALUE($AD$4))*(AE11:AE22))/SUMPRODUCT((VALUE('2024'!$AD$10:$AD$21)<=VALUE($AD$3))*('2024'!AE$10:AE$21))-1 -> -0.11390254 | AF8: =(SUMPRODUCT((VALUE($AD$11:$AD$22)<=VALUE($AD$4))*(AF11:AF22))+SUMPRODUCT((VALUE($AD$11:$AD$22)<=VALUE($AD$4))*(AG11:AG22))+SUMPRODUCT((VALUE($AD$11:$AD$22)<=VALUE($AD$4))*(AK11:AK22)))/(SUMPRODUCT((VALUE('2024'!$AD$10:$AD$21)<=VALUE($AD$3))*('2024'!AE$10:AE$21))+SUMPRODUCT((VALUE('2024'!$AD$10:$AD$21)<=VALUE($AD$3))*('2024'!AI$10:AI$21))+SUMPRODUCT((VALUE('2024'!$AD$10:$AD$21)<=VALUE($AD$3))*('2024'!AJ$10:AJ$21)))-1 -> -0.68556836 | AI8: =SUMPRODUCT((VALUE($AD$11:$AD$22)<=VALUE($AD$4))*(AI11:AI22))/SUMPRODUCT((VALUE('2024'!$AD$10:$AD$21)<=VALUE($AD$3))*('2024'!AI$10:AI$21))-1 -> -0.090396002 | AJ8: =SUMPRODUCT((VALUE($AD$11:$AD$22)<=VALUE($AD$4))*(AJ11:AJ22))/SUMPRODUCT((VALUE('2024'!$AD$10:$AD$21)<=VALUE($AD$3))*('2024'!AJ$10:AJ$21))-1 -> -0.10317991 | AK8: =SUMPRODUCT((VALUE($AD$11:$AD$22)<=VALUE($AD$4))*(AK11:AK22))/SUMPRODUCT((VALUE('2024'!$AD$10:$AD$21)<=VALUE($AD$3))*('2024'!AK$10:AK$21))-1 -> 0.0067344805 | AL8: =SUMPRODUCT((VALUE($AD$11:$AD$22)<=VALUE($AD$4))*(AL11:AL22))/SUMPRODUCT((VALUE('2024'!$AD$10:$AD$21)<=VALUE($AD$3))*('2024'!AL10:AL21))-1 -> -0.78303068 | AM8: =SUMPRODUCT((VALUE($AD$11:$AD$22)<=VALUE($AD$4))*(AM11:AM22))/SUMPRODUCT((VALUE('2024'!$AD$10:$AD$21)<=VALUE($AD$3))*('2024'!AM10:AM21))-1 -> -0.26685263 | AN8: =SUMPRODUCT((VALUE($AD$11:$AD$22)<=VALUE($AD$4))*(AN11:AN22))/SUMPRODUCT((VALUE('2024'!$AD$10:$AD$21)<=VALUE($AD$3))*('2024'!AN10:AN21))-1 -> -0.28930714 | AO8: =SUMPRODUCT((VALUE($AD$11:$AD$22)<=VALUE($AD$4))*(AO11:AO22))/SUMPRODUCT((VALUE('2024'!$AD$10:$AD$21)<=VALUE($AD$3))*('2024'!AO10:AO21))-1 -> 0.24009324 | AP8: =SUMPRODUCT((VALUE($AD$11:$AD$22)<=VALUE($AD$4))*(AP11:AP22))/SUMPRODUCT((VALUE('2024'!$AD$10:$AD$21)<=VALUE($AD$3))*('2024'!AP10:AP21))-1 -> -0.58826643 | AQ8: =SUMPRODUCT((VALUE($AD$11:$AD$22)<=VALUE($AD$4))*(AQ11:AQ22))/SUMPRODUCT((VALUE('2024'!$AD$10:$AD$21)<=VALUE($AD$3))*('2024'!AQ10:AQ21))-1 -> -0.34296127 | AR8: =SUMPRODUCT((VALUE($AD$11:$AD$22)<=VALUE($AD$4))*(AR11:AR22))/SUMPRODUCT((VALUE('2024'!$AD$10:$AD$21)<=VALUE($AD$3))*('2024'!AR10:AR21))-1 -> 0.30374232 | AS8: =SUMPRODUCT((VALUE($AD$11:$AD$22)<=VALUE($AD$4))*(AS11:AS22))/SUMPRODUCT((VALUE('2024'!$AD$10:$AD$21)<=VALUE($AD$3))*('2024'!AS10:AS21))-1 -> 0.88041323 | ... AU8: =SUMPRODUCT((VALUE($AD$11:$AD$22)<=VALUE($AD$4))*(AU11:AU22))/SUMPRODUCT((VALUE('2024'!$AD$10:$AD$21)<=VALUE($AD$3))*('2024'!AU10:AU21))-1 -> -0.29398238
A9: 月份 | B9: 202501 | C9: =B9 -> 202501 | D9: 生活 | E9: 食 | F9: =207+200+60+35+50+70+60+440+65+400+894+14+75+90+200+120+118+560+60+100+235+50+325 -> 4428 | G9: =300+600+259 -> 1159 | H9: =500+18+319 -> 837 | I9: =60+112+50+193 -> 415 | K9: 181 | M9: =1207+99+721+233+440+59+150+43+65+130+128+5258-3000+180+220+169+521+380+50 -> 7053 | O9: =960+265 -> 1225 | Q9: =2000+2000+2000+2000 -> 8000 | S9: =SUM(F9:R9) -> 23298 | T9: =SUM(S9:S15) -> 140706 | V9: 月份 | W9: =A1 -> 生活 | X9: 想要&奢侈品 | Y9: =A3 -> 一次性支出 | Z9: Total | AE9: =SUM(AE11:AE22) -> 291970 | AF9: =SUM(AF11:AF22) -> 21122 | AG9: =SUM(AG11:AG22) -> 215704 | AH9: =SUM(AH11:AH22) -> 76969 | AI9: =SUM(AI11:AI22) -> 315397 | AJ9: =SUM(AJ11:AJ22) -> 116618 | AK9: =SUM(AK11:AK22) -> 16693 | AL9: =SUM(AL11:AL22) -> 15939 | ... AU9: =SUM(AU11:AU22) -> 32851
A10: 預計支出/月 | B10: =$J$2 -> 166666.67 | D10: 生活 | E10: 衣 | O10: 290 | Q10: 1700 | S10: =SUM(F10:R10) -> 1990 | V10: =$C$9 -> 202501 | W10: =T9 -> 140706 | X10: =T16 -> 120 | Y10: =T21 -> 38997.333 | Z10: =W10+X10+Y10 -> 179823.33 | AD10: 月份 | AE10: 食 | AF10: 衣 | AG10: 住 | AH10: 行 | AI10: 育-基本 | AJ10: 育-才藝 | AK10: 醫療費用 | AL10: N | AM10: A | AN10: L | AO10: D | AP10: 其它 | AQ10: 旅遊 | AR10: 家庭聚會 | AS10: 稅費 | AT10: 保險 | AU10: 其它 | AV10: 合計
A11: Total(到本月) | B11: =SUMPRODUCT((($V$10:$V$21)<=VALUE(B9))*($Z$10:$Z$21)) -> 179823.33 | D11: 生活 | E11: 住 | F11: =3326+1767+347+215 -> 5655 | G11: =196+296+200 -> 692 | H11: 1270 | M11: 99 | Q11: =9374*2-7000+36420/2+2283+11000+800+1169+1500-3500 -> 43210 | S11: =SUM(F11:R11) -> 50926 | V11: =$C$28 -> 202502 | W11: =T28 -> 74309 | X11: =T35 -> 1183 | Y11: =T40 -> 108442.33 | Z11: =W11+X11+Y11 -> 183934.33 | AD11: =V10 -> 202501 | AE11: =SUMPRODUCT(($D$9:$D$25=$AE$6)*($E$9:$E$25=AE$10)*$S$9:$S$25) -> 23298 | AF11: =SUMPRODUCT(($D$9:$D$25=$AE$6)*($E$9:$E$25=$AF$10)*$S$9:$S$25) -> 1990 | AG11: =SUMPRODUCT(($D$9:$D$25=$AE$6)*($E$9:$E$25=$AG$10)*$S$9:$S$25) -> 50926 | AH11: =SUMPRODUCT(($D$9:$D$25=$AE$6)*($E$9:$E$25=$AH$10)*$S$9:$S$25) -> 19757 | AI11: =SUMPRODUCT(($D$9:$D$25=$AE$6)*($E$9:$E$25=$AI$10)*$S$9:$S$25) -> 31012 | AJ11: =SUMPRODUCT(($D$9:$D$25=$AE$6)*($E$9:$E$25=$AJ$10)*$S$9:$S$25) -> 10523 | AK11: =SUMPRODUCT(($D$9:$D$25=$AE$6)*($E$9:$E$25=$AK$10)*$S$9:$S$25) -> 3200 | AL11: =SUMPRODUCT(($D$9:$D$25=$AL$6)*($E$9:$E$25=$AL$10)*$S$9:$S$25) -> 0 | AM11: =SUMPRODUCT(($D$9:$D$25=$AL$6)*($E$9:$E$25=$AM$10)*$S$9:$S$25) -> 0 | AN11: =SUMPRODUCT(($D$9:$D$25=$AL$6)*($E$9:$E$25=$AN$10)*$S$9:$S$25) -> 0 | AO11: =SUMPRODUCT(($D$9:$D$25=$AL$6)*($E$9:$E$25=$AO$10)*$S$9:$S$25) -> 0 | AP11: =SUMPRODUCT(($D$9:$D$25=$AL$6)*($E$9:$E$25=$AP$10)*$S$9:$S$25) -> 120 | AQ11: =SUMPRODUCT(($D$9:$D$25=$AQ$6)*($E$9:$E$25=$AQ$10)*$S$9:$S$25) -> 17846 | AR11: =SUMPRODUCT(($D$9:$D$25=$AQ$6)*($E$9:$E$25=$AR$10)*$S$9:$S$25) -> 0 | AS11: =SUMPRODUCT(($D$9:$D$25=$AQ$6)*($E$9:$E$25=$AS$10)*$S$9:$S$25) -> 0 | AT11: =SUMPRODUCT(($D$9:$D$25=$AQ$6)*($E$9:$E$25=$AT$10)*$S$9:$S$25) -> 6751.3333 | AU11: =SUMPRODUCT(($D$9:$D$25=$AQ$6)*($E$9:$E$25=$AU$10)*$S$9:$S$25) -> 14400 | AV11: =SUM(AE11:AU11) -> 179823.33
A12: YOY% | B12: =B11/SUMPRODUCT(('2025'!$V$10:$V$21<='2025'!B9)*'2024'!$Z$10:$Z$21)-1 -> -0.33473423 | D12: 生活 | E12: 行 | F12: =100+1090 -> 1190 | G12: 12998 | H12: 400 | M12: =1310+50+756+111+1425+65+78+58+529 -> 4382 | O12: 110 | Q12: =597+80 -> 677 | S12: =SUM(F12:R12) -> 19757 | V12: =$C$47 -> 202503 | W12: =T47 -> 128566 | X12: =T54 -> 2922 | Y12: =T59 -> 14831.333 | Z12: =W12+X12+Y12 -> 146319.33 | AD12: =V11 -> 202502 | AE12: =SUMPRODUCT(($D$28:$D$44=$AE$6)*($E$28:$E$44=AE$10)*$S$28:$S$44) -> 19063 | AF12: =SUMPRODUCT(($D$28:$D$44=$AE$6)*($E$28:$E$44=AF$10)*$S$28:$S$44) -> 0 | AG12: =SUMPRODUCT(($D$28:$D$44=$AE$6)*($E$28:$E$44=AG$10)*$S$28:$S$44) -> 11674 | AH12: =SUMPRODUCT(($D$28:$D$44=$AE$6)*($E$28:$E$44=AH$10)*$S$28:$S$44) -> 5118 | AI12: =SUMPRODUCT(($D$28:$D$44=$AE$6)*($E$28:$E$44=AI$10)*$S$28:$S$44) -> 29730 | AJ12: =SUMPRODUCT(($D$28:$D$44=$AE$6)*($E$28:$E$44=AJ$10)*$S$28:$S$44) -> 8724 | AK12: =SUMPRODUCT(($D$28:$D$44=$AE$6)*($E$28:$E$44=AK$10)*$S$28:$S$44) -> 0 | AL12: =SUMPRODUCT(($D$28:$D$44=$AL$6)*($E$28:$E$44=AL$10)*$S$28:$S$44) -> 671 | AM12: =SUMPRODUCT(($D$28:$D$44=$AL$6)*($E$28:$E$44=AM$10)*$S$28:$S$44) -> 0 | AN12: =SUMPRODUCT(($D$28:$D$44=$AL$6)*($E$28:$E$44=AN$10)*$S$28:$S$44) -> 0 | AO12: =SUMPRODUCT(($D$28:$D$44=$AL$6)*($E$28:$E$44=AO$10)*$S$28:$S$44) -> 0 | AP12: =SUMPRODUCT(($D$28:$D$44=$AL$6)*($E$28:$E$44=AP$10)*$S$28:$S$44) -> 512 | AQ12: =SUMPRODUCT(($D$28:$D$44=$AQ$6)*($E$28:$E$44=AQ$10)*$S$28:$S$44) -> 101091 | AR12: =SUMPRODUCT(($D$28:$D$44=$AQ$6)*($E$28:$E$44=AR$10)*$S$28:$S$44) -> 0 | AS12: =SUMPRODUCT(($D$28:$D$44=$AQ$6)*($E$28:$E$44=AS$10)*$S$28:$S$44) -> 0 | AT12: =SUMPRODUCT(($D$28:$D$44=$AQ$6)*($E$28:$E$44=AT$10)*$S$28:$S$44) -> 6751.3333 | AU12: =SUMPRODUCT(($D$28:$D$44=$AQ$6)*($E$28:$E$44=AU$10)*$S$28:$S$44) -> 600 | AV12: =SUM(AE12:AU12) -> 183934.33
A13: Total-房貸(本月) | B13: =B11 -> 179823.33 | D13: 生活 | E13: 育-基本 | F13: =15000+3000+3000+5000+5000 -> 31000 | I13: 12 | S13: =SUM(F13:R13) -> 31012 | V13: =$C$66 -> 202504 | W13: =T66 -> 63201 | X13: =T73 -> 3916 | Y13: =T78 -> 30166.333 | Z13: =W13+X13+Y13 -> 97283.333 | AD13: =V12 -> 202503 | AE13: =SUMPRODUCT(($D$47:$D$63=$AE$6)*($E$47:$E$63=AE$10)*$S$47:$S$63) -> 28713 | AF13: =SUMPRODUCT(($D$47:$D$63=$AE$6)*($E$47:$E$63=AF$10)*$S$47:$S$63) -> 1200 | AG13: =SUMPRODUCT(($D$47:$D$63=$AE$6)*($E$47:$E$63=AG$10)*$S$47:$S$63) -> 11147 | AH13: =SUMPRODUCT(($D$47:$D$63=$AE$6)*($E$47:$E$63=AH$10)*$S$47:$S$63) -> 4474 | AI13: =SUMPRODUCT(($D$47:$D$63=$AE$6)*($E$47:$E$63=AI$10)*$S$47:$S$63) -> 54952 | AJ13: =SUMPRODUCT(($D$47:$D$63=$AE$6)*($E$47:$E$63=AJ$10)*$S$47:$S$63) -> 26450 | AK13: =SUMPRODUCT(($D$47:$D$63=$AE$6)*($E$47:$E$63=AK$10)*$S$47:$S$63) -> 1630 | AL13: =SUMPRODUCT(($D$47:$D$63=$AL$6)*($E$47:$E$63=AL$10)*$S$47:$S$63) -> 1457 | AM13: =SUMPRODUCT(($D$47:$D$63=$AL$6)*($E$47:$E$63=AM$10)*$S$47:$S$63) -> 590 | AN13: =SUMPRODUCT(($D$47:$D$63=$AL$6)*($E$47:$E$63=AN$10)*$S$47:$S$63) -> 76 | AO13: =SUMPRODUCT(($D$47:$D$63=$AL$6)*($E$47:$E$63=AO$10)*$S$47:$S$63) -> 599 | AP13: =SUMPRODUCT(($D$47:$D$63=$AL$6)*($E$47:$E$63=AP$10)*$S$47:$S$63) -> 200 | AQ13: =SUMPRODUCT(($D$47:$D$63=$AQ$6)*($E$47:$E$63=AQ$10)*$S$47:$S$63) -> 4200 | AR13: =SUMPRODUCT(($D$47:$D$63=$AQ$6)*($E$47:$E$63=AR$10)*$S$47:$S$63) -> 880 | AS13: =SUMPRODUCT(($D$47:$D$63=$AQ$6)*($E$47:$E$63=AS$10)*$S$47:$S$63) -> 0 | AT13: =SUMPRODUCT(($D$47:$D$63=$AQ$6)*($E$47:$E$63=AT$10)*$S$47:$S$63) -> 6751.3333 | AU13: =SUMPRODUCT(($D$47:$D$63=$AQ$6)*($E$47:$E$63=AU$10)*$S$47:$S$63) -> 3000 | AV13: =SUM(AE13:AU13) -> 146319.33
A14: 實際占預計支出% | B14: =B13/($J$2*12) -> 0.089911667 | D14: 生活 | E14: 育-才藝 | F14: =5000+1995+1728+1800 -> 10523 | S14: =SUM(F14:R14) -> 10523 | V14: =$C$85 -> 202505 | W14: =T85 -> 52893 | X14: =T92 -> 1445 | Y14: =T97 -> 226613.8 | Z14: =W14+X14+Y14 -> 280951.8 | AD14: =V13 -> 202504 | AE14: =SUMPRODUCT(($D$66:$D$82=$AE$6)*($E$66:$E$82=AE$10)*$S$66:$S$82) -> 22546 | AF14: =SUMPRODUCT(($D$66:$D$82=$AE$6)*($E$66:$E$82=AF$10)*$S$66:$S$82) -> 358 | AG14: =SUMPRODUCT(($D$66:$D$82=$AE$6)*($E$66:$E$82=AG$10)*$S$66:$S$82) -> 11686 | AH14: =SUMPRODUCT(($D$66:$D$82=$AE$6)*($E$66:$E$82=AH$10)*$S$66:$S$82) -> 9064 | AI14: =SUMPRODUCT(($D$66:$D$82=$AE$6)*($E$66:$E$82=AI$10)*$S$66:$S$82) -> 11877 | AJ14: =SUMPRODUCT(($D$66:$D$82=$AE$6)*($E$66:$E$82=AJ$10)*$S$66:$S$82) -> 3500 | AK14: =SUMPRODUCT(($D$66:$D$82=$AE$6)*($E$66:$E$82=AK$10)*$S$66:$S$82) -> 4170 | AL14: =SUMPRODUCT(($D$66:$D$82=$AL$6)*($E$66:$E$82=AL$10)*$S$66:$S$82) -> 1990 | AM14: =SUMPRODUCT(($D$66:$D$82=$AL$6)*($E$66:$E$82=AM$10)*$S$66:$S$82) -> 0 | AN14: =SUMPRODUCT(($D$66:$D$82=$AL$6)*($E$66:$E$82=AN$10)*$S$66:$S$82) -> 788 | AO14: =SUMPRODUCT(($D$66:$D$82=$AL$6)*($E$66:$E$82=AO$10)*$S$66:$S$82) -> 788 | AP14: =SUMPRODUCT(($D$66:$D$82=$AL$6)*($E$66:$E$82=AP$10)*$S$66:$S$82) -> 350 | AQ14: =SUMPRODUCT(($D$66:$D$82=$AQ$6)*($E$66:$E$82=AQ$10)*$S$66:$S$82) -> 3316 | AR14: =SUMPRODUCT(($D$66:$D$82=$AQ$6)*($E$66:$E$82=AR$10)*$S$66:$S$82) -> 5066 | AS14: =SUMPRODUCT(($D$66:$D$82=$AQ$6)*($E$66:$E$82=AS$10)*$S$66:$S$82) -> 13643 | AT14: =SUMPRODUCT(($D$66:$D$82=$AQ$6)*($E$66:$E$82=AT$10)*$S$66:$S$82) -> 6751.3333 | AU14: =SUMPRODUCT(($D$66:$D$82=$AQ$6)*($E$66:$E$82=AU$10)*$S$66:$S$82) -> 1390 | AV14: =SUM(AE14:AU14) -> 97283.333
A15: 支出% | B15: =VALUE(RIGHT(B9,2))/12 -> 0.083333333 | D15: 生活 | E15: 醫療費用 | F15: =200+200+1800 -> 2200 | Q15: =1000 -> 1000 | S15: =SUM(F15:R15) -> 3200 | V15: =$C$104 -> 202506 | W15: =T104 -> 57540 | X15: =T111 -> 3658 | Y15: =T116 -> 54068 | Z15: =W15+X15+Y15 -> 115266 | AD15: =V14 -> 202505 | AE15: =SUMPRODUCT(($D$85:$D$101=$AE$6)*($E$85:$E$101=AE$10)*$S$85:$S$101) -> 23523 | AF15: =SUMPRODUCT(($D$85:$D$101=$AE$6)*($E$85:$E$101=AF$10)*$S$85:$S$101) -> 0 | AG15: =SUMPRODUCT(($D$85:$D$101=$AE$6)*($E$85:$E$101=AG$10)*$S$85:$S$101) -> 8427 | AH15: =SUMPRODUCT(($D$85:$D$101=$AE$6)*($E$85:$E$101=AH$10)*$S$85:$S$101) -> 1476 | AI15: =SUMPRODUCT(($D$85:$D$101=$AE$6)*($E$85:$E$101=AI$10)*$S$85:$S$101) -> 13200 | AJ15: =SUMPRODUCT(($D$85:$D$101=$AE$6)*($E$85:$E$101=AJ$10)*$S$85:$S$101) -> 5867 | AK15: =SUMPRODUCT(($D$85:$D$101=$AE$6)*($E$85:$E$101=AK$10)*$S$85:$S$101) -> 400 | AL15: =SUMPRODUCT(($D$85:$D$101=$AL$6)*($E$85:$E$101=AL$10)*$S$85:$S$101) -> 0 | AM15: =SUMPRODUCT(($D$85:$D$101=$AL$6)*($E$85:$E$101=AM$10)*$S$85:$S$101) -> 590 | AN15: =SUMPRODUCT(($D$85:$D$101=$AL$6)*($E$85:$E$101=AN$10)*$S$85:$S$101) -> 0 | AO15: =SUMPRODUCT(($D$85:$D$101=$AL$6)*($E$85:$E$101=AO$10)*$S$85:$S$101) -> 0 | AP15: =SUMPRODUCT(($D$85:$D$101=$AL$6)*($E$85:$E$101=AP$10)*$S$85:$S$101) -> 855 | AQ15: =SUMPRODUCT(($D$85:$D$101=$AQ$6)*($E$85:$E$101=AQ$10)*$S$85:$S$101) -> 213390.8 | AR15: =SUMPRODUCT(($D$85:$D$101=$AQ$6)*($E$85:$E$101=AR$10)*$S$85:$S$101) -> 4470 | AS15: =SUMPRODUCT(($D$85:$D$101=$AQ$6)*($E$85:$E$101=AS$10)*$S$85:$S$101) -> 0 | AT15: =SUMPRODUCT(($D$85:$D$101=$AQ$6)*($E$85:$E$101=AT$10)*$S$85:$S$101) -> 6753 | AU15: =SUMPRODUCT(($D$85:$D$101=$AQ$6)*($E$85:$E$101=AU$10)*$S$85:$S$101) -> 2000 | AV15: =SUM(AE15:AU15) -> 280951.8
A16: 剩餘/超支 $$ | B16: =B10*VALUE(RIGHT(B9,2))-B13 -> -13156.667 | D16: 想要&奢侈品 | E16: N | S16: =SUM(F16:R16) -> 0 | T16: =SUM(S16:S20) -> 120 | V16: =$C$123 -> 202507 | W16: =T123 -> 62798 | X16: =T130 -> 17285 | Y16: =T135 -> 133193 | Z16: =W16+X16+Y16 -> 213276 | AD16: =V15 -> 202506 | AE16: =SUMPRODUCT(($D$104:$D$120=$AE$6)*($E$104:$E$120=AE$10)*$S$104:$S$120) -> 28343 | AF16: =SUMPRODUCT(($D$104:$D$120=$AE$6)*($E$104:$E$120=AF$10)*$S$104:$S$120) -> 0 | AG16: =SUMPRODUCT(($D$104:$D$120=$AE$6)*($E$104:$E$120=AG$10)*$S$104:$S$120) -> 8915 | AH16: =SUMPRODUCT(($D$104:$D$120=$AE$6)*($E$104:$E$120=AH$10)*$S$104:$S$120) -> 1792 | AI16: =SUMPRODUCT(($D$104:$D$120=$AE$6)*($E$104:$E$120=AI$10)*$S$104:$S$120) -> 17200 | AJ16: =SUMPRODUCT(($D$104:$D$120=$AE$6)*($E$104:$E$120=AJ$10)*$S$104:$S$120) -> 0 | AK16: =SUMPRODUCT(($D$104:$D$120=$AE$6)*($E$104:$E$120=AK$10)*$S$104:$S$120) -> 1290 | AL16: =SUMPRODUCT(($D$104:$D$120=$AL$6)*($E$104:$E$120=AL$10)*$S$104:$S$120) -> 0 | AM16: =SUMPRODUCT(($D$104:$D$120=$AL$6)*($E$104:$E$120=AM$10)*$S$104:$S$120) -> 1600 | AN16: =SUMPRODUCT(($D$104:$D$120=$AL$6)*($E$104:$E$120=AN$10)*$S$104:$S$120) -> 1334 | AO16: =SUMPRODUCT(($D$104:$D$120=$AL$6)*($E$104:$E$120=AO$10)*$S$104:$S$120) -> 724 | AP16: =SUMPRODUCT(($D$104:$D$120=$AL$6)*($E$104:$E$120=AP$10)*$S$104:$S$120) -> 0 | AQ16: =SUMPRODUCT(($D$104:$D$120=$AQ$6)*($E$104:$E$120=AQ$10)*$S$104:$S$120) -> 2469 | AR16: =SUMPRODUCT(($D$104:$D$120=$AQ$6)*($E$104:$E$120=AR$10)*$S$104:$S$120) -> 420 | AS16: =SUMPRODUCT(($D$104:$D$120=$AQ$6)*($E$104:$E$120=AS$10)*$S$104:$S$120) -> 41179 | AT16: =SUMPRODUCT(($D$104:$D$120=$AQ$6)*($E$104:$E$120=AT$10)*$S$104:$S$120) -> 0 | AU16: =SUMPRODUCT(($D$104:$D$120=$AQ$6)*($E$104:$E$120=AU$10)*$S$104:$S$120) -> 10000 | AV16: =SUM(AE16:AU16) -> 115266
A17: 剩餘/超支 $$(本月) | B17: =$J$2-(S26) -> -13156.667 | D17: 想要&奢侈品 | E17: A | S17: =SUM(F17:R17) -> 0 | V17: =$C$142 -> 202508 | W17: =T142 -> 146362 | X17: =T149 -> 2400 | Y17: =T154 -> 29069 | Z17: =W17+X17+Y17 -> 177831 | AD17: =V16 -> 202507 | AE17: =SUMPRODUCT(($D$123:$D$139=$AE$6)*($E$123:$E$139=AE$10)*$S$123:$S$139) -> 23992 | AF17: =SUMPRODUCT(($D$123:$D$139=$AE$6)*($E$123:$E$139=AF$10)*$S$123:$S$139) -> 1698 | AG17: =SUMPRODUCT(($D$123:$D$139=$AE$6)*($E$123:$E$139=AG$10)*$S$123:$S$139) -> 11849 | AH17: =SUMPRODUCT(($D$123:$D$139=$AE$6)*($E$123:$E$139=AH$10)*$S$123:$S$139) -> 5059 | AI17: =SUMPRODUCT(($D$123:$D$139=$AE$6)*($E$123:$E$139=AI$10)*$S$123:$S$139) -> 0 | AJ17: =SUMPRODUCT(($D$123:$D$139=$AE$6)*($E$123:$E$139=AJ$10)*$S$123:$S$139) -> 20200 | AK17: =SUMPRODUCT(($D$123:$D$139=$AE$6)*($E$123:$E$139=AK$10)*$S$123:$S$139) -> 0 | AL17: =SUMPRODUCT(($D$123:$D$139=$AL$6)*($E$123:$E$139=AL$10)*$S$123:$S$139) -> 5000 | AM17: =SUMPRODUCT(($D$123:$D$139=$AL$6)*($E$123:$E$139=AM$10)*$S$123:$S$139) -> 8000 | AN17: =SUMPRODUCT(($D$123:$D$139=$AL$6)*($E$123:$E$139=AN$10)*$S$123:$S$139) -> 2204 | AO17: =SUMPRODUCT(($D$123:$D$139=$AL$6)*($E$123:$E$139=AO$10)*$S$123:$S$139) -> 1504 | AP17: =SUMPRODUCT(($D$123:$D$139=$AL$6)*($E$123:$E$139=AP$10)*$S$123:$S$139) -> 577 | AQ17: =SUMPRODUCT(($D$123:$D$139=$AQ$6)*($E$123:$E$139=AQ$10)*$S$123:$S$139) -> 57070 | AR17: =SUMPRODUCT(($D$123:$D$139=$AQ$6)*($E$123:$E$139=AR$10)*$S$123:$S$139) -> 1540 | AS17: =SUMPRODUCT(($D$123:$D$139=$AQ$6)*($E$123:$E$139=AS$10)*$S$123:$S$139) -> 73722 | AT17: =SUMPRODUCT(($D$123:$D$139=$AQ$6)*($E$123:$E$139=AT$10)*$S$123:$S$139) -> 0 | AU17: =SUMPRODUCT(($D$123:$D$139=$AQ$6)*($E$123:$E$139=AU$10)*$S$123:$S$139) -> 861 | AV17: =SUM(AE17:AU17) -> 213276
D18: 想要&奢侈品 | E18: L | S18: =SUM(F18:R18) -> 0 | V18: =$C$161 -> 202509 | W18: =T161 -> 98000 | X18: =T168 -> 1666 | Y18: =T173 -> 0 | Z18: =W18+X18+Y18 -> 99666 | AD18: =V17 -> 202508 | AE18: =SUMPRODUCT(($D$142:$D$158=$AE$6)*($E$142:$E$158=AE$10)*$S$142:$S$158) -> 22845 | AF18: =SUMPRODUCT(($D$142:$D$158=$AE$6)*($E$142:$E$158=AF$10)*$S$142:$S$158) -> 0 | AG18: =SUMPRODUCT(($D$142:$D$158=$AE$6)*($E$142:$E$158=AG$10)*$S$142:$S$158) -> 10798 | AH18: =SUMPRODUCT(($D$142:$D$158=$AE$6)*($E$142:$E$158=AH$10)*$S$142:$S$158) -> 9588 | AI18: =SUMPRODUCT(($D$142:$D$158=$AE$6)*($E$142:$E$158=AI$10)*$S$142:$S$158) -> 87880 | AJ18: =SUMPRODUCT(($D$142:$D$158=$AE$6)*($E$142:$E$158=AJ$10)*$S$142:$S$158) -> 13687 | AK18: =SUMPRODUCT(($D$142:$D$158=$AE$6)*($E$142:$E$158=AK$10)*$S$142:$S$158) -> 1564 | AL18: =SUMPRODUCT(($D$142:$D$158=$AL$6)*($E$142:$E$158=AL$10)*$S$142:$S$158) -> 400 | AM18: =SUMPRODUCT(($D$142:$D$158=$AL$6)*($E$142:$E$158=AM$10)*$S$142:$S$158) -> 0 | AN18: =SUMPRODUCT(($D$142:$D$158=$AL$6)*($E$142:$E$158=AN$10)*$S$142:$S$158) -> 1250 | AO18: =SUMPRODUCT(($D$142:$D$158=$AL$6)*($E$142:$E$158=AO$10)*$S$142:$S$158) -> 750 | AP18: =SUMPRODUCT(($D$142:$D$158=$AL$6)*($E$142:$E$158=AP$10)*$S$142:$S$158) -> 0 | AQ18: =SUMPRODUCT(($D$142:$D$158=$AQ$6)*($E$142:$E$158=AQ$10)*$S$142:$S$158) -> 15474 | AR18: =SUMPRODUCT(($D$142:$D$158=$AQ$6)*($E$142:$E$158=AR$10)*$S$142:$S$158) -> 1340 | AS18: =SUMPRODUCT(($D$142:$D$158=$AQ$6)*($E$142:$E$158=AS$10)*$S$142:$S$158) -> 0 | AT18: =SUMPRODUCT(($D$142:$D$158=$AQ$6)*($E$142:$E$158=AT$10)*$S$142:$S$158) -> 11655 | AU18: =SUMPRODUCT(($D$142:$D$158=$AQ$6)*($E$142:$E$158=AU$10)*$S$142:$S$158) -> 600 | AV18: =SUM(AE18:AU18) -> 177831
D19: 想要&奢侈品 | E19: D | S19: =SUM(F19:R19) -> 0 | V19: =$C$180 -> 202510 | W19: =T180 -> 78884 | X19: =T187 -> 3443 | Y19: =T192 -> 172924.96 | Z19: =W19+X19+Y19 -> 255251.96 | AD19: =V18 -> 202509 | AE19: =SUMPRODUCT(($D$161:$D$177=$AE$6)*($E$161:$E$177=AE$10)*$S$161:$S$177) -> 24452 | AF19: =SUMPRODUCT(($D$161:$D$177=$AE$6)*($E$161:$E$177=AF$10)*$S$161:$S$177) -> 2480 | AG19: =SUMPRODUCT(($D$161:$D$177=$AE$6)*($E$161:$E$177=AG$10)*$S$161:$S$177) -> 20887 | AH19: =SUMPRODUCT(($D$161:$D$177=$AE$6)*($E$161:$E$177=AH$10)*$S$161:$S$177) -> 8039 | AI19: =SUMPRODUCT(($D$161:$D$177=$AE$6)*($E$161:$E$177=AI$10)*$S$161:$S$177) -> 29648 | AJ19: =SUMPRODUCT(($D$161:$D$177=$AE$6)*($E$161:$E$177=AJ$10)*$S$161:$S$177) -> 9000 | AK19: =SUMPRODUCT(($D$161:$D$177=$AE$6)*($E$161:$E$177=AK$10)*$S$161:$S$177) -> 3494 | AL19: =SUMPRODUCT(($D$161:$D$177=$AL$6)*($E$161:$E$177=AL$10)*$S$161:$S$177) -> 0 | AM19: =SUMPRODUCT(($D$161:$D$177=$AL$6)*($E$161:$E$177=AM$10)*$S$161:$S$177) -> 0 | AN19: =SUMPRODUCT(($D$161:$D$177=$AL$6)*($E$161:$E$177=AN$10)*$S$161:$S$177) -> 697 | AO19: =SUMPRODUCT(($D$161:$D$177=$AL$6)*($E$161:$E$177=AO$10)*$S$161:$S$177) -> 614 | AP19: =SUMPRODUCT(($D$161:$D$177=$AL$6)*($E$161:$E$177=AP$10)*$S$161:$S$177) -> 355 | AQ19: =SUMPRODUCT(($D$161:$D$177=$AQ$6)*($E$161:$E$177=AQ$10)*$S$161:$S$177) -> 0 | AR19: =SUMPRODUCT(($D$161:$D$177=$AQ$6)*($E$161:$E$177=AR$10)*$S$161:$S$177) -> 0 | AS19: =SUMPRODUCT(($D$161:$D$177=$AQ$6)*($E$161:$E$177=AS$10)*$S$161:$S$177) -> 0 | AT19: =SUMPRODUCT(($D$161:$D$177=$AQ$6)*($E$161:$E$177=AT$10)*$S$161:$S$177) -> 0 | AU19: =SUMPRODUCT(($D$161:$D$177=$AQ$6)*($E$161:$E$177=AU$10)*$S$161:$S$177) -> 0 | AV19: =SUM(AE19:AU19) -> 99666
D20: 想要&奢侈品 | E20: 其它 | F20: 120 | S20: =SUM(F20:R20) -> 120 | V20: =$C$199 -> 202511 | W20: =T199 -> 80754 | X20: =T206 -> 2776 | Y20: =T211 -> 42641 | Z20: =W20+X20+Y20 -> 126171 | AD20: =V19 -> 202510 | AE20: =SUMPRODUCT(($D$180:$D$196=$AE$6)*($E$180:$E$196=AE$10)*$S$180:$S$196) -> 22896 | AF20: =SUMPRODUCT(($D$180:$D$196=$AE$6)*($E$180:$E$196=AF$10)*$S$180:$S$196) -> 1670 | AG20: =SUMPRODUCT(($D$180:$D$196=$AE$6)*($E$180:$E$196=AG$10)*$S$180:$S$196) -> 29037 | AH20: =SUMPRODUCT(($D$180:$D$196=$AE$6)*($E$180:$E$196=AH$10)*$S$180:$S$196) -> 4769 | AI20: =SUMPRODUCT(($D$180:$D$196=$AE$6)*($E$180:$E$196=AI$10)*$S$180:$S$196) -> 11512 | AJ20: =SUMPRODUCT(($D$180:$D$196=$AE$6)*($E$180:$E$196=AJ$10)*$S$180:$S$196) -> 9000 | AK20: =SUMPRODUCT(($D$180:$D$196=$AE$6)*($E$180:$E$196=AK$10)*$S$180:$S$196) -> 0 | AL20: =SUMPRODUCT(($D$180:$D$196=$AL$6)*($E$180:$E$196=AL$10)*$S$180:$S$196) -> 0 | AM20: =SUMPRODUCT(($D$180:$D$196=$AL$6)*($E$180:$E$196=AM$10)*$S$180:$S$196) -> 0 | AN20: =SUMPRODUCT(($D$180:$D$196=$AL$6)*($E$180:$E$196=AN$10)*$S$180:$S$196) -> 1480 | AO20: =SUMPRODUCT(($D$180:$D$196=$AL$6)*($E$180:$E$196=AO$10)*$S$180:$S$196) -> 1963 | AP20: =SUMPRODUCT(($D$180:$D$196=$AL$6)*($E$180:$E$196=AP$10)*$S$180:$S$196) -> 0 | AQ20: =SUMPRODUCT(($D$180:$D$196=$AQ$6)*($E$180:$E$196=AQ$10)*$S$180:$S$196) -> 156234.96 | AR20: =SUMPRODUCT(($D$180:$D$196=$AQ$6)*($E$180:$E$196=AR$10)*$S$180:$S$196) -> 5530 | AS20: =SUMPRODUCT(($D$180:$D$196=$AQ$6)*($E$180:$E$196=AS$10)*$S$180:$S$196) -> 5242 | AT20: =SUMPRODUCT(($D$180:$D$196=$AQ$6)*($E$180:$E$196=AT$10)*$S$180:$S$196) -> 5918 | AU20: =SUMPRODUCT(($D$180:$D$196=$AQ$6)*($E$180:$E$196=AU$10)*$S$180:$S$196) -> 0 | AV20: =SUM(AE20:AU20) -> 255251.96
D21: 一次性支出 | E21: 旅遊 | F21: =4240+2031+120+1000+1199+50+685+80+475+1260+165 -> 11305 | G21: =188+1000 -> 1188 | H21: =45+500 -> 545 | I21: 35 | L21: 258 | M21: =68+720+315+796+140+100+110 -> 2249 | N21: =100+1156 -> 1256 | O21: 400 | P21: 610 | S21: =SUM(F21:R21) -> 17846 | T21: =SUM(S21:S25) -> 38997.333 | V21: =$C$218 -> 202512 | W21: =T218 -> 70460 | X21: =T225 -> 14317 | Y21: =T230 -> 5724.6667 | Z21: =W21+X21+Y21 -> 90501.667 | AD21: =V20 -> 202511 | AE21: =SUMPRODUCT(($D$199:$D$215=$AE$6)*($E$199:$E$215=AE$10)*$S$199:$S$215) -> 25564 | AF21: =SUMPRODUCT(($D$199:$D$215=$AE$6)*($E$199:$E$215=AF$10)*$S$199:$S$215) -> 2783 | AG21: =SUMPRODUCT(($D$199:$D$215=$AE$6)*($E$199:$E$215=AG$10)*$S$199:$S$215) -> 21906 | AH21: =SUMPRODUCT(($D$199:$D$215=$AE$6)*($E$199:$E$215=AH$10)*$S$199:$S$215) -> 4773 | AI21: =SUMPRODUCT(($D$199:$D$215=$AE$6)*($E$199:$E$215=AI$10)*$S$199:$S$215) -> 17186 | AJ21: =SUMPRODUCT(($D$199:$D$215=$AE$6)*($E$199:$E$215=AJ$10)*$S$199:$S$215) -> 7867 | AK21: =SUMPRODUCT(($D$199:$D$215=$AE$6)*($E$199:$E$215=AK$10)*$S$199:$S$215) -> 675 | AL21: =SUMPRODUCT(($D$199:$D$215=$AL$6)*($E$199:$E$215=AL$10)*$S$199:$S$215) -> 320 | AM21: =SUMPRODUCT(($D$199:$D$215=$AL$6)*($E$199:$E$215=AM$10)*$S$199:$S$215) -> 0 | AN21: =SUMPRODUCT(($D$199:$D$215=$AL$6)*($E$199:$E$215=AN$10)*$S$199:$S$215) -> 334 | AO21: =SUMPRODUCT(($D$199:$D$215=$AL$6)*($E$199:$E$215=AO$10)*$S$199:$S$215) -> 424 | AP21: =SUMPRODUCT(($D$199:$D$215=$AL$6)*($E$199:$E$215=AP$10)*$S$199:$S$215) -> 1698 | AQ21: =SUMPRODUCT(($D$199:$D$215=$AQ$6)*($E$199:$E$215=AQ$10)*$S$199:$S$215) -> 11320 | AR21: =SUMPRODUCT(($D$199:$D$215=$AQ$6)*($E$199:$E$215=AR$10)*$S$199:$S$215) -> 11919 | AS21: =SUMPRODUCT(($D$199:$D$215=$AQ$6)*($E$199:$E$215=AS$10)*$S$199:$S$215) -> 16019 | AT21: =SUMPRODUCT(($D$199:$D$215=$AQ$6)*($E$199:$E$215=AT$10)*$S$199:$S$215) -> 3383 | AU21: =SUMPRODUCT(($D$199:$D$215=$AQ$6)*($E$199:$E$215=AU$10)*$S$199:$S$215) -> 0 | AV21: =SUM(AE21:AU21) -> 126171
D22: 一次性支出 | E22: 家庭聚會 | S22: =SUM(F22:R22) -> 0 | AD22: =V21 -> 202512 | AE22: =SUMPRODUCT(($D$218:$D$234=$AE$6)*($E$218:$E$234=AE$10)*$S$218:$S$234) -> 26735 | AF22: =SUMPRODUCT(($D$218:$D$234=$AE$6)*($E$218:$E$234=AF$10)*$S$218:$S$234) -> 8943 | AG22: =SUMPRODUCT(($D$218:$D$234=$AE$6)*($E$218:$E$234=AG$10)*$S$218:$S$234) -> 18452 | AH22: =SUMPRODUCT(($D$218:$D$234=$AE$6)*($E$218:$E$234=AH$10)*$S$218:$S$234) -> 3060 | AI22: =SUMPRODUCT(($D$218:$D$234=$AE$6)*($E$218:$E$234=AI$10)*$S$218:$S$234) -> 11200 | AJ22: =SUMPRODUCT(($D$218:$D$234=$AE$6)*($E$218:$E$234=AJ$10)*$S$218:$S$234) -> 1800 | AK22: =SUMPRODUCT(($D$218:$D$234=$AE$6)*($E$218:$E$234=AK$10)*$S$218:$S$234) -> 270 | AL22: =SUMPRODUCT(($D$218:$D$234=$AL$6)*($E$218:$E$234=AL$10)*$S$218:$S$234) -> 6101 | AM22: =SUMPRODUCT(($D$218:$D$234=$AL$6)*($E$218:$E$234=AM$10)*$S$218:$S$234) -> 4990 | AN22: =SUMPRODUCT(($D$218:$D$234=$AL$6)*($E$218:$E$234=AN$10)*$S$218:$S$234) -> 484 | AO22: =SUMPRODUCT(($D$218:$D$234=$AL$6)*($E$218:$E$234=AO$10)*$S$218:$S$234) -> 2742 | AP22: =SUMPRODUCT(($D$218:$D$234=$AL$6)*($E$218:$E$234=AP$10)*$S$218:$S$234) -> 0 | AQ22: =SUMPRODUCT(($D$218:$D$234=$AQ$6)*($E$218:$E$234=AQ$10)*$S$218:$S$234) -> 0 | AR22: =SUMPRODUCT(($D$218:$D$234=$AQ$6)*($E$218:$E$234=AR$10)*$S$218:$S$234) -> 2349 | AS22: =SUMPRODUCT(($D$218:$D$234=$AQ$6)*($E$218:$E$234=AS$10)*$S$218:$S$234) -> 0 | AT22: =SUMPRODUCT(($D$218:$D$234=$AQ$6)*($E$218:$E$234=AT$10)*$S$218:$S$234) -> 3375.6667 | AU22: =SUMPRODUCT(($D$218:$D$234=$AQ$6)*($E$218:$E$234=AU$10)*$S$218:$S$234) -> 0 | AV22: =SUM(AE22:AU22) -> 90501.667
D23: 一次性支出 | E23: 稅費 | S23: =SUM(F23:R23) -> 0
D24: 一次性支出 | E24: 保險 | Q24: =40508/6 -> 6751.3333 | S24: =SUM(F24:R24) -> 6751.3333
D25: 一次性支出 | E25: 其它 | Q25: =12000*2-3600*4+12000-2000*2+2000*2-2600*2-1000*2 -> 14400 | S25: =SUM(F25:R25) -> 14400
D26: Total | E26: Total | F26: =SUM(F9:F25) -> 66421 | G26: =SUM(G9:G25) -> 16037 | H26: =SUM(H9:H25) -> 3052 | I26: =SUM(I9:I25) -> 462 | J26: =SUM(J9:J25) -> 0 | K26: =SUM(K9:K25) -> 181 | L26: =SUM(L9:L25) -> 258 | M26: =SUM(M9:M25) -> 13783 | ... S26: =SUM(S9:S25) -> 179823.33
A28: 月份 | B28: =B9+1 -> 202502 | C28: =B28 -> 202502 | D28: 生活 | E28: 食 | F28: =645+1395-1260+115+594+210+100+160+45+49+1155+125+200 -> 3533 | G28: =500+262+168+58+204 -> 1192 | I28: =60+95+150+75 -> 380 | M28: =1175+114+160+402+258+107+560+254+146+100+175+600+71+486+122+119+118+305+99+31+129 -> 5531 | N28: =288+139 -> 427 | Q28: =2000+2000+2000+2000 -> 8000 | S28: =SUM(F28:R28) -> 19063 | T28: =SUM(S28:S34) -> 74309
A29: 預計支出/月 | B29: =$J$2 -> 166666.67 | D29: 生活 | E29: 衣 | S29: =SUM(F29:R29) -> 0
A30: Total(到本月) | B30: =SUMPRODUCT((($V$10:$V$21)<=VALUE(B28))*($Z$10:$Z$21)) -> 363757.67 | D30: 生活 | E30: 住 | F30: 3326 | I30: 1051 | M30: =613+99 -> 712 | Q30: =9374-7000+2283+2480-1240+688 -> 6585 | S30: =SUM(F30:R30) -> 11674
A31: YOY% | B31: =B30/SUMPRODUCT(('2025'!$V$10:$V$21<='2025'!B28)*'2024'!$Z$10:$Z$21)-1 -> -0.14742965 | D31: 生活 | E31: 行 | F31: =45+150+100+140+150 -> 585 | H31: 527 | I31: =280+280 -> 560 | M31: =150+60+105+83+20 -> 418 | O31: 1450 | Q31: =597+981 -> 1578 | S31: =SUM(F31:R31) -> 5118
A32: Total-車貸(本月) | B32: =B30-$K$2*VALUE(RIGHT(B28,2))/9 -> 363757.67 | D32: 生活 | E32: 育-基本 | F32: 29730 | S32: =SUM(F32:R32) -> 29730
A33: 實際占預計支出% | B33: =B32/($J$2*12) -> 0.18187883 | D33: 生活 | E33: 育-才藝 | I33: =5867+2857 -> 8724 | S33: =SUM(F33:R33) -> 8724
A34: 支出% | B34: =VALUE(RIGHT(B28,2))/12 -> 0.16666667 | D34: 生活 | E34: 醫療費用 | S34: =SUM(F34:R34) -> 0
A35: 剩餘/超支 $$ | B35: =B29*VALUE(RIGHT(B28,2))-B32 -> -30424.333 | D35: 想要&奢侈品 | E35: N | M35: 671 | S35: =SUM(F35:R35) -> 671 | T35: =SUM(S35:S39) -> 1183
A36: 剩餘/超支 $$(本月) | B36: =$J$2-(S45) -> -17267.667 | D36: 想要&奢侈品 | E36: A | S36: =SUM(G36:R36) -> 0
D37: 想要&奢侈品 | E37: L | S37: =SUM(F37:R37) -> 0
D38: 想要&奢侈品 | E38: D | S38: =SUM(F38:R38) -> 0
D39: 想要&奢侈品 | E39: 其它 | O39: =512 -> 512 | S39: =SUM(F39:R39) -> 512
D40: 一次性支出 | E40: 旅遊 | F40: =2658+68+299+1200*32.8 -> 42385 | H40: =3757+57+90+94+14+75+273+7 -> 4367 | I40: =1350+600+3168+47 -> 5165 | M40: =26734+401+1350+1250+1250+1234+68+959+1236*2+7617+114+4219+63+490+796+157 -> 49174 | S40: =SUM(F40:R40) -> 101091 | T40: =SUM(S40:S44) -> 108442.33
D41: 一次性支出 | E41: 家庭聚會 | S41: =SUM(F41:R41) -> 0
D42: 一次性支出 | E42: 稅費 | S42: =SUM(F42:R42) -> 0
D43: 一次性支出 | E43: 保險 | Q43: =40508/6 -> 6751.3333 | S43: =SUM(F43:R43) -> 6751.3333
D44: 一次性支出 | E44: 其它 | F44: 600 | S44: =SUM(F44:R44) -> 600
D45: Total | E45: Total | F45: =SUM(F28:F44) -> 80159 | G45: =SUM(G28:G44) -> 1192 | H45: =SUM(H28:H44) -> 4894 | I45: =SUM(I28:I44) -> 15880 | J45: =SUM(J28:J44) -> 0 | K45: =SUM(K28:K44) -> 0 | L45: =SUM(L28:L44) -> 0 | M45: =SUM(M28:M44) -> 56506 | ... S45: =SUM(S28:S44) -> 183934.33
A47: 月份 | B47: =B28+1 -> 202503 | C47: =B47 -> 202503 | D47: 生活 | E47: 食 | F47: =70+165+145+90+130+380+105+130+135+160+200+110+115+393+340+110+220+209+600+475+215+1000+5+1188 -> 6690 | G47: =1408+237+35+500 -> 2180 | H47: =638+86+123+219+139+230+49+35+90+208+62+18+45+399+62+130 -> 2533 | I47: =60+880+760+126+157+65+266 -> 2314 | M47: =14+70+100+130+180+150+173+55+75+31+5+89+96+10+305+105+265+60+128+240+165+122+129+500+400 -> 3597 | N47: 135 | O47: =79+360+1710+55+30+320+400 -> 2954 | P47: 200 | Q47: =2000+2000+2000+2000+110 -> 8110 | S47: =SUM(F47:R47) -> 28713 | T47: =SUM(S47:S53) -> 128566
A48: 預計支出/月 | B48: =$J$2 -> 166666.67 | D48: 生活 | E48: 衣 | F48: 1200 | S48: =SUM(F48:R48) -> 1200
A49: Total(到本月) | B49: =SUMPRODUCT((($V$10:$V$21)<=VALUE(B47))*($Z$10:$Z$21)) -> 510077 | D49: 生活 | E49: 住 | F49: =3326+417 -> 3743 | H49: 324 | M49: 99 | Q49: =9374-7000+2283+159+100+100+1965 -> 6981 | S49: =SUM(F49:R49) -> 11147
A50: YOY% | B50: =B49/SUMPRODUCT(('2025'!$V$10:$V$21<='2025'!B47)*'2024'!$Z$10:$Z$21)-1 -> -0.13539384 | D50: 生活 | E50: 行 | F50: =100+100+50 -> 250 | M50: =599+25+400+1412 -> 2436 | Q50: =694+599+495 -> 1788 | S50: =SUM(F50:R50) -> 4474
A51: Total-車貸(本月) | B51: =B49-$K$2*VALUE(RIGHT(B47,2))/9 -> 510077 | D51: 生活 | E51: 育-基本 | F51: =31100+9000+4200+600+20+400+1471+4614+280 -> 51685 | G51: 264 | I51: =1472+1531 -> 3003 | S51: =SUM(F51:R51) -> 54952
A52: 實際占預計支出% | B52: =B51/($J$2*12) -> 0.2550385 | D52: 生活 | E52: 育-才藝 | F52: =8000+450+18000 -> 26450 | S52: =SUM(F52:R52) -> 26450
A53: 支出% | B53: =VALUE(RIGHT(B47,2))/12 -> 0.25 | D53: 生活 | E53: 醫療費用 | F53: =200+200+50+50+500 -> 1000 | M53: 630 | S53: =SUM(F53:R53) -> 1630
A54: 剩餘/超支 $$ | B54: =B48*VALUE(RIGHT(B47,2))-B51 -> -10077 | D54: 想要&奢侈品 | E54: N | F54: 100 | O54: 1357 | S54: =SUM(F54:R54) -> 1457 | T54: =SUM(S54:S58) -> 2922
A55: 剩餘/超支 $$(本月) | B55: =$J$2-(S64) -> 20347.333 | D55: 想要&奢侈品 | E55: A | F55: 501 | M55: =89 -> 89 | S55: =SUM(F55:R55) -> 590
D56: 想要&奢侈品 | E56: L | O56: 76 | S56: =SUM(F56:R56) -> 76
D57: 想要&奢侈品 | E57: D | G57: 250 | M57: =170+3 -> 173 | O57: =76+100 -> 176 | S57: =SUM(F57:R57) -> 599
D58: 想要&奢侈品 | E58: 其它 | O58: =100+100 -> 200 | S58: =SUM(F58:R58) -> 200
D59: 一次性支出 | E59: 旅遊 | F59: 1200 | I59: =3000 -> 3000 | S59: =SUM(F59:R59) -> 4200 | T59: =SUM(S59:S63) -> 14831.333
D60: 一次性支出 | E60: 家庭聚會 | I60: 880 | S60: =SUM(F60:R60) -> 880
D61: 一次性支出 | E61: 稅費 | S61: =SUM(F61:R61) -> 0
D62: 一次性支出 | E62: 保險 | Q62: =40508/6 -> 6751.3333 | S62: =SUM(F62:R62) -> 6751.3333
D63: 一次性支出 | E63: 其它 | Q63: 3000 | S63: =SUM(F63:R63) -> 3000
D64: Total | E64: Total | F64: =SUM(F47:F63) -> 92819 | G64: =SUM(G47:G63) -> 2694 | H64: =SUM(H47:H63) -> 2857 | I64: =SUM(I47:I63) -> 9197 | J64: =SUM(J47:J63) -> 0 | K64: =SUM(K47:K63) -> 0 | L64: =SUM(L47:L63) -> 0 | M64: =SUM(M47:M63) -> 7024 | ... S64: =SUM(S47:S63) -> 146319.33
A66: 月份 | B66: =B47+1 -> 202504 | C66: =B66 -> 202504 | D66: 生活 | E66: 食 | F66: =160+180+446+90+176+215+425+10+240+650+300+320+330+600 -> 4142 | G66: =300+300 -> 600 | H66: =172+235+28+323+120+225+510+500+500 -> 2613 | I66: =45+900-305+170 -> 810 | K66: 60 | M66: =635+170+122+120+283+216+40+500+205+920+255+399+40+202+3+420 -> 4530 | O66: =417+49+35+35+295 -> 831 | P66: 960 | Q66: =2000+2000+2000+2000 -> 8000 | S66: =SUM(F66:R66) -> 22546 | T66: =SUM(S66:S72) -> 63201
A67: 預計支出/月 | B67: =$J$2 -> 166666.67 | D67: 生活 | E67: 衣 | M67: 358 | S67: =SUM(F67:R67) -> 358
A68: Total(到本月) | B68: =SUMPRODUCT((($V$10:$V$21)<=VALUE(B66))*($Z$10:$Z$21)) -> 607360.33 | D68: 生活 | E68: 住 | F68: =3326+821 -> 4147 | H68: =1767+538 -> 2305 | M68: =480+280 -> 760 | Q68: =9460-7000+1500+514 -> 4474 | S68: =SUM(F68:R68) -> 11686
A69: YOY% | B69: =B68/SUMPRODUCT(('2025'!$V$10:$V$21<='2025'!B66)*'2024'!$Z$10:$Z$21)-1 -> -0.16730944 | D69: 生活 | E69: 行 | F69: =90+20+15 -> 125 | H69: =53+1003+785+65 -> 1906 | I69: 1198 | M69: =60+1382+90+379+50+98 -> 2059 | O69: 2400 | Q69: 1376 | S69: =SUM(F69:R69) -> 9064
A70: Total-車貸(本月) | B70: =B68-$K$2*VALUE(RIGHT(B66,2))/9 -> 607360.33 | D70: 生活 | E70: 育-基本 | F70: =4700+6500 -> 11200 | H70: =1015-338 -> 677 | S70: =SUM(F70:R70) -> 11877
A71: 實際占預計支出% | B71: =B70/($J$2*12) -> 0.30368017 | D71: 生活 | E71: 育-才藝 | I71: =1850+1650 -> 3500 | S71: =SUM(F71:R71) -> 3500
A72: 支出% | B72: =VALUE(RIGHT(B66,2))/12 -> 0.33333333 | D72: 生活 | E72: 醫療費用 | H72: =1170+660 -> 1830 | Q72: =340+1300+700 -> 2340 | S72: =SUM(F72:R72) -> 4170
A73: 剩餘/超支 $$ | B73: =B67*VALUE(RIGHT(B66,2))-B70 -> 59306.333 | D73: 想要&奢侈品 | E73: N | G73: 1990 | S73: =SUM(F73:R73) -> 1990 | T73: =SUM(S73:S77) -> 3916
A74: 剩餘/超支 $$(本月) | B74: =$J$2-(S83) -> 69383.333 | D74: 想要&奢侈品 | E74: A | S74: =SUM(F74:R74) -> 0
D75: 想要&奢侈品 | E75: L | I75: 788 | S75: =SUM(F75:R75) -> 788
D76: 想要&奢侈品 | E76: D | I76: 788 | S76: =SUM(F76:R76) -> 788
D77: 想要&奢侈品 | E77: 其它 | O77: 350 | S77: =SUM(F77:R77) -> 350
D78: 一次性支出 | E78: 旅遊 | F78: =600+180 -> 780 | M78: =460+560+1516 -> 2536 | S78: =SUM(F78:R78) -> 3316 | T78: =SUM(S78:S82) -> 30166.333
D79: 一次性支出 | E79: 家庭聚會 | G79: =12919-2793-4048-2530+1518 -> 5066 | S79: =SUM(F79:R79) -> 5066
D80: 一次性支出 | E80: 稅費 | F80: 2413 | H80: 11230 | S80: =SUM(F80:R80) -> 13643
D81: 一次性支出 | E81: 保險 | Q81: =40508/6 -> 6751.3333 | S81: =SUM(F81:R81) -> 6751.3333
D82: 一次性支出 | E82: 其它 | F82: 1350 | M82: 40 | S82: =SUM(F82:R82) -> 1390
D83: Total | E83: Total | F83: =SUM(F66:F82) -> 24157 | G83: =SUM(G66:G82) -> 7656 | H83: =SUM(H66:H82) -> 20561 | I83: =SUM(I66:I82) -> 7084 | J83: =SUM(J66:J82) -> 0 | K83: =SUM(K66:K82) -> 60 | L83: =SUM(L66:L82) -> 0 | M83: =SUM(M66:M82) -> 10283 | ... S83: =SUM(S66:S82) -> 97283.333
A85: 月份 | B85: =B66+1 -> 202505 | C85: =B85 -> 202505 | D85: 生活 | E85: 食 | F85: =310+187+1485+1040+90+60+85+218+275+1881+100+100+375+205 -> 6411 | G85: =210+300 -> 510 | H85: =1000+165+500+500+130+65 -> 2360 | K85: =500+500+65 -> 1065 | M85: =347+60+62+80+321+246 -> 1116 | N85: =50+100+179+136 -> 465 | O85: =29+65+1395+594+638+676+199 -> 3596 | Q85: =2000+2000+2000+2000 -> 8000 | S85: =SUM(F85:R85) -> 23523 | T85: =SUM(S85:S91) -> 52893
A86: 預計支出/月 | B86: =$J$2 -> 166666.67 | D86: 生活 | E86: 衣 | S86: =SUM(F86:R86) -> 0
A87: Total(到本月) | B87: =SUMPRODUCT((($V$10:$V$21)<=VALUE(B85))*($Z$10:$Z$21)) -> 888312.13 | D87: 生活 | E87: 住 | F87: =3326+500 -> 3826 | H87: 378 | Q87: =9374-7000+336+1513 -> 4223 | S87: =SUM(F87:R87) -> 8427
A88: YOY% | B88: =B87/SUMPRODUCT(('2025'!$V$10:$V$21<='2025'!B85)*'2024'!$Z$10:$Z$21)-1 -> -0.016417037 | D88: 生活 | E88: 行 | F88: =100+100+240+100+100 -> 640 | M88: =166+150+520 -> 836 | S88: =SUM(F88:R88) -> 1476
A89: Total-車貸(本月) | B89: =B87-$K$2*VALUE(RIGHT(B85,2))/9 -> 888312.13 | D89: 生活 | E89: 育-基本 | F89: =6500+4700+2000 -> 13200 | S89: =SUM(F89:R89) -> 13200
A90: 實際占預計支出% | B90: =B89/($J$2*12) -> 0.44415607 | D90: 生活 | E90: 育-才藝 | F90: =5867 -> 5867 | S90: =SUM(F90:R90) -> 5867
A91: 支出% | B91: =VALUE(RIGHT(B85,2))/12 -> 0.41666667 | D91: 生活 | E91: 醫療費用 | Q91: =320+80 -> 400 | S91: =SUM(F91:R91) -> 400
A92: 剩餘/超支 $$ | B92: =B86*VALUE(RIGHT(B85,2))-B89 -> -54978.8 | D92: 想要&奢侈品 | E92: N | S92: =SUM(F92:R92) -> 0 | T92: =SUM(S92:S96) -> 1445
A93: 剩餘/超支 $$(本月) | B93: =$J$2-(S102) -> -114285.13 | D93: 想要&奢侈品 | E93: A | O93: 590 | S93: =SUM(F93:R93) -> 590
D94: 想要&奢侈品 | E94: L | S94: =SUM(F94:R94) -> 0
D95: 想要&奢侈品 | E95: D | S95: =SUM(F95:R95) -> 0
D96: 想要&奢侈品 | E96: 其它 | F96: 405 | O96: 450 | S96: =SUM(F96:R96) -> 855
D97: 一次性支出 | E97: 旅遊 | F97: =3000+450+250+410+110+245+93+490+800+410+500+55+60+80+(4070+105+350+200)*0.208+778+1016+410 -> 10139.8 | G97: =605+1201+2400-1200+4502 -> 7508 | H97: =10475+157+27765+636*5+9*5-43*5+885*2+13*2+915*2+2083+1185+773+251+521+2883+1826+6124 -> 60679 | I97: =10588+158+4532+67+6124+25000+480+280+885*2+13*2+915*2+13*2+599+625+9+1299+7809+3668+55+8712+130+1600+24+5296+79+25+3814+57+13641+204+2326+34+4804+72+636+2055+30+2026+30+859+12+639+9 -> 112059 | L97: =909+885*3+10800-3450*3 -> 4014 | M97: =885*2+13*2+915*2+13*2+1331+280 -> 5263 | O97: =1150+7478+850*6 -> 13728 | S97: =SUM(F97:R97) -> 213390.8 | T97: =SUM(S97:S101) -> 226613.8
D98: 一次性支出 | E98: 家庭聚會 | F98: =410+100+150+150 -> 810 | G98: =1400+1500 -> 2900 | M98: 760 | S98: =SUM(F98:R98) -> 4470
D99: 一次性支出 | E99: 稅費 | S99: =SUM(F99:R99) -> 0
D100: 一次性支出 | E100: 保險 | Q100: 6753 | S100: =SUM(F100:R100) -> 6753
D101: 一次性支出 | E101: 其它 | Q101: 2000 | S101: =SUM(F101:R101) -> 2000
D102: Total | E102: Total | F102: =SUM(F85:F101) -> 41298.8 | G102: =SUM(G85:G101) -> 10918 | H102: =SUM(H85:H101) -> 63417 | I102: =SUM(I85:I101) -> 112059 | J102: =SUM(J85:J101) -> 0 | K102: =SUM(K85:K101) -> 1065 | L102: =SUM(L85:L101) -> 4014 | M102: =SUM(M85:M101) -> 7975 | ... S102: =SUM(S85:S101) -> 280951.8
A104: 月份 | B104: =B85+1 -> 202506 | C104: =B104 -> 202506 | D104: 生活 | E104: 食 | F104: =250+594+420+219+55+360+90+130+390+60+200+1310+254+65+240+100+280+60+110+200+80+80+880 -> 6427 | G104: 820 | H104: =49+30+454+60+471+500+500 -> 2064 | K104: 1000 | L104: =100+60+60+85+60+35+60 -> 460 | M104: =289+338+123+601+402+17+402+351+310+65+38+2020+299+228+99+380+500 -> 6462 | N104: =79+77+134+429+190+129+0+60+18+143+100+131+60+130 -> 1680 | O104: =55+135+150+35+35 -> 410 | P104: 1020 | Q104: =2000+2000+2000+2000 -> 8000 | S104: =SUM(F104:R104) -> 28343 | T104: =SUM(S104:S110) -> 57540
A105: 預計支出/月 | B105: =$J$2 -> 166666.67 | D105: 生活 | E105: 衣 | S105: =SUM(F105:R105) -> 0
...

Sheet 2026
A1: 生活 | B1: =SUMIF(D:D,A1,S:S) -> 880385 | C1: =B1/$B$4 -> 0.48672049 | J1: 月支出估計 | K1: 房貸 | L1: 年支出估計
A2: 想要&奢侈品 | B2: =SUMIF(D:D,A2,S:S) -> 33821 | C2: =B2/$B$4 -> 0.018697926 | J2: =L2/12 -> 166666.67 | L2: 2000000
A3: 一次性支出 | B3: =SUMIF(D:D,A3,S:S) -> 894604.21 | C3: =B3/$B$4 -> 0.49458158 | AD3: =YEAR(NOW())-1&IF(LEN(MONTH(NOW()))=1,"0","")&MONTH(NOW()) -> 202508 | AS3: =27778*12 -> 333336
A4: Total | B4: =SUMIF(D:D,A4,S:S) -> 1808810.2 | C4: =B4-B89 -> 692291.35 | AD4: =YEAR(NOW())&IF(LEN(MONTH(NOW()))=1,"0","")&MONTH(NOW()) -> 202608
A5: Total-車貸 | B5: =B4-K2 -> 1808810.2 | AD5: =SUM(AE5:AU5) -> 1808810.2 | AE5: =SUM(AE10:AE21) -> 226759 | AF5: =SUM(AF10:AF21) -> 4782 | AG5: =SUM(AG10:AG21) -> 187682 | AH5: =SUM(AH10:AH21) -> 7059 | AI5: =SUM(AI10:AI21) -> 220957 | AJ5: =SUM(AJ10:AJ21) -> 146366 | AK5: =SUM(AK10:AK21) -> 86780 | AL5: =SUM(AL10:AL21) -> 8127 | ... AU5: =SUM(AU10:AU21) -> 95990
A6: 占預計支出比例 | B6: =B4/L2 -> 0.9044051 | F6: =F7/$S$7 -> 0.25774926 | G6: =G7/$S$7 -> 0.0014578644 | H6: =H7/$S$7 -> 0.0924019 | I6: =I7/$S$7 -> 0.22915269 | J6: =J7/$S$7 -> 0.061253398 | K6: =K7/$S$7 -> 0.10089731 | L6: =L7/$S$7 -> 0.0035443188 | M6: =M7/$S$7 -> 0.053256002 | ... R6: =R7/$S$7 -> 0.0021223896 | AE6: =W9 -> 生活 | AL6: =X9 -> 想要&奢侈品 | AQ6: =Y9 -> 一次性支出
F7: =SUMIF($D$9:$D$1012,"Total",F9:F1012) -> 466219.5 | G7: =SUMIF($D$9:$D$1012,"Total",G9:G1012) -> 2637 | H7: =SUMIF($D$9:$D$1012,"Total",H9:H1012) -> 167137.5 | I7: =SUMIF($D$9:$D$1012,"Total",I9:I1012) -> 414493.72 | J7: =SUMIF($D$9:$D$1012,"Total",J9:J1012) -> 110795.77 | K7: =SUMIF($D$9:$D$1012,"Total",K9:K1012) -> 182504.08 | L7: =SUMIF($D$9:$D$1012,"Total",L9:L1012) -> 6411 | M7: =SUMIF($D$9:$D$1012,"Total",M9:M1012) -> 96330 | ... R7: =SUMIF($D$9:$D$1012,"Total",R9:R1012) -> 3839 | S7: =SUM(F7:R7) -> 1808810.2 | AD7: YOY% | AE7: =SUMPRODUCT((VALUE($AD$10:$AD$21)<=VALUE($AD$4))*(AE10:AK21))/SUMPRODUCT((VALUE('2022'!$AD$10:$AD$21)<=VALUE($AD$3))*('2022'!AE$10:AK$21)) -> 0.63500218 | AL7: =SUMPRODUCT((VALUE($AD$10:$AD$21)<=VALUE($AD$4))*(AL10:AP21))/SUMPRODUCT((VALUE('2022'!$AD$10:$AD$21)<=VALUE($AD$3))*('2022'!AL$10:AP$21)) -> 0.18451878 | AQ7: =SUMPRODUCT((VALUE($AD$10:$AD$21)<=VALUE($AD$4))*(AQ10:AU21))/SUMPRODUCT((VALUE('2022'!$AD$10:$AD$21)<=VALUE($AD$3))*('2022'!AQ$10:AU$21)) -> 1.3154346
C8: 年月 | F8: 其他現金支出 | G8: 匯豐 | H8: 台新ALL | I8: 玉山ALL | J8: 永豐 | K8: 上海+樂天+遠銀 | L8: 國泰Cube | M8: 星展 | N8: 聯邦微風卡 | O8: 新光無限卡 | P8: 中信 | Q8: 孝敬長輩 | R8: 合庫 | S8: Total | W8: =SUM(W10:W21) -> 880385 | X8: =SUM(X10:X21) -> 33821 | Y8: =SUM(Y10:Y21) -> 894604.21 | AD8: =SUMPRODUCT((VALUE($AD$10:$AD$21)<=VALUE($AD$4))*(AE10:AU21))/SUMPRODUCT((VALUE('2022'!$AD$10:$AD$21)<=VALUE($AD$3))*('2022'!AE$10:AU$21)) -> 0.83041568 | AE8: =SUMPRODUCT((VALUE($AD$10:$AD$21)<=VALUE($AD$4))*(AE10:AE21))/SUMPRODUCT((VALUE('2022'!$AD$10:$AD$21)<=VALUE($AD$3))*('2022'!AG$10:AG$21)) -> 0.63522386 | AF8: =(SUMPRODUCT((VALUE($AD$10:$AD$21)<=VALUE($AD$4))*(AF10:AF21))+SUMPRODUCT((VALUE($AD$10:$AD$21)<=VALUE($AD$4))*(AG10:AG21))+SUMPRODUCT((VALUE($AD$10:$AD$21)<=VALUE($AD$4))*(AK10:AK21)))/(SUMPRODUCT((VALUE('2022'!$AD$10:$AD$21)<=VALUE($AD$3))*('2022'!AE$10:AE$21))+SUMPRODUCT((VALUE('2022'!$AD$10:$AD$21)<=VALUE($AD$3))*('2022'!AI$10:AI$21))+SUMPRODUCT((VALUE('2022'!$AD$10:$AD$21)<=VALUE($AD$3))*('2022'!AJ$10:AJ$21))) -> 0.92656546 | AI8: =(SUMPRODUCT((VALUE($AD$10:$AD$21)<=VALUE($AD$4))*(AI10:AI21))+SUMPRODUCT((VALUE($AD$10:$AD$21)<=VALUE($AD$4))*(AJ10:AJ21)))/SUMPRODUCT((VALUE('2022'!$AD$10:$AD$21)<=VALUE($AD$3))*('2022'!AK$10:AK$21)) -> 0.5186725 | AK8: =SUMPRODUCT((VALUE($AD$10:$AD$21)<=VALUE($AD$4))*(AH10:AH21))/SUMPRODUCT((VALUE('2022'!$AD$10:$AD$21)<=VALUE($AD$3))*('2022'!AF$10:AF$21)) -> 0.17287488 | AL8: =SUMPRODUCT((VALUE($AD$10:$AD$21)<=VALUE($AD$4))*(AL10:AL21))/SUMPRODUCT((VALUE('2022'!$AD$10:$AD$21)<=VALUE($AD$3))*('2022'!AL10:AL21)) -> 0.10148601 | AM8: =SUMPRODUCT((VALUE($AD$10:$AD$21)<=VALUE($AD$4))*(AM10:AM21))/SUMPRODUCT((VALUE('2022'!$AD$10:$AD$21)<=VALUE($AD$3))*('2022'!AM10:AM21)) -> 0.039354051 | AN8: =SUMPRODUCT((VALUE($AD$10:$AD$21)<=VALUE($AD$4))*(AN10:AN21))/SUMPRODUCT((VALUE('2022'!$AD$10:$AD$21)<=VALUE($AD$3))*('2022'!AN10:AN21)) -> 0.84054852 | AO8: =SUMPRODUCT((VALUE($AD$10:$AD$21)<=VALUE($AD$4))*(AO10:AO21))/SUMPRODUCT((VALUE('2022'!$AD$10:$AD$21)<=VALUE($AD$3))*('2022'!AO10:AO21)) -> 0.22052288 | AP8: =SUMPRODUCT((VALUE($AD$10:$AD$21)<=VALUE($AD$4))*(AP10:AP21))/SUMPRODUCT((VALUE('2022'!$AD$10:$AD$21)<=VALUE($AD$3))*('2022'!AP10:AP21)) -> 0.49854319 | AQ8: =SUMPRODUCT((VALUE($AD$10:$AD$21)<=VALUE($AD$4))*(AQ10:AQ21))/SUMPRODUCT((VALUE('2022'!$AD$10:$AD$21)<=VALUE($AD$3))*('2022'!AQ10:AQ21)) -> 6.0777195 | AR8: =SUMPRODUCT((VALUE($AD$10:$AD$21)<=VALUE($AD$4))*(AR10:AR21))/SUMPRODUCT((VALUE('2022'!$AD$10:$AD$21)<=VALUE($AD$3))*('2022'!AR10:AR21)) -> 0.752414 | AS8: =SUMPRODUCT((VALUE($AD$10:$AD$21)<=VALUE($AD$4))*(AS10:AS21))/SUMPRODUCT((VALUE('2022'!$AD$10:$AD$21)<=VALUE($AD$3))*('2022'!AS10:AS21)) -> 0.079927845 | ... AU8: =SUMPRODUCT((VALUE($AD$10:$AD$21)<=VALUE($AD$4))*(AU10:AU21))/SUMPRODUCT((VALUE('2022'!$AD$10:$AD$21)<=VALUE($AD$3))*('2022'!AU10:AU21)) -> 1.0196408
A9: 月份 | B9: 202601 | C9: =B9 -> 202601 | D9: 生活 | E9: 食 | F9: =480+264+15+28+900+961+610+70+49+20+90+530+556+720+485+240+210+168+380+60+150+125+95+910+344+50+460+100 -> 9070 | G9: 500 | H9: =404+500 -> 904 | I9: =200+300+39 -> 539 | J9: =122+887+90+168+413+0+476+88+81+125+238 -> 2688 | M9: =85+110+310+95+141+1206+65 -> 2012 | P9: =210+500+238 -> 948 | Q9: =2000+2000+2000+2000 -> 8000 | S9: =SUM(F9:R9) -> 24661 | T9: =SUM(S9:S15) -> 97179 | V9: 月份 | W9: =A1 -> 生活 | X9: 想要&奢侈品 | Y9: =A3 -> 一次性支出 | Z9: Total | AD9: 月份 | AE9: 食 | AF9: 衣 | AG9: 住 | AH9: 醫療費用 | AI9: 育-基本 | AJ9: 育-才藝 | AK9: 行 | AL9: N | AM9: A | AN9: L | AO9: D | AP9: 其它 | AQ9: 旅遊 | AR9: 家庭聚會 | AS9: 稅費 | AT9: 保險 | AU9: 其它 | AV9: 合計
A10: 預計支出/月 | B10: =$J$2 -> 166666.67 | D10: 生活 | E10: 衣 | M10: 399 | P10: 490 | S10: =SUM(F10:R10) -> 889 | V10: =$C$9 -> 202601 | W10: =T9 -> 97179 | X10: =T16 -> 2640 | Y10: =T21 -> 49093 | Z10: =W10+X10+Y10 -> 148912 | AD10: =V10 -> 202601 | AE10: =SUMPRODUCT(($D$9:$D$25=$AE$6)*($E$9:$E$25=AE$9)*$S$9:$S$25) -> 24661 | AF10: =SUMPRODUCT(($D$9:$D$25=$AE$6)*($E$9:$E$25=$AF$9)*$S$9:$S$25) -> 889 | AG10: =SUMPRODUCT(($D$9:$D$25=$AE$6)*($E$9:$E$25=$AG$9)*$S$9:$S$25) -> 16986 | AH10: =SUMPRODUCT(($D$9:$D$25=$AE$6)*($E$9:$E$25=$AH$9)*$S$9:$S$25) -> 0 | AI10: =SUMPRODUCT(($D$9:$D$25=$AE$6)*($E$9:$E$25=$AI$9)*$S$9:$S$25) -> 15356 | AJ10: =SUMPRODUCT(($D$9:$D$25=$AE$6)*($E$9:$E$25=$AJ$9)*$S$9:$S$25) -> 18000 | AK10: =SUMPRODUCT(($D$9:$D$25=$AE$6)*($E$9:$E$25=$AK$9)*$S$9:$S$25) -> 21287 | AL10: =SUMPRODUCT(($D$9:$D$25=$AL$6)*($E$9:$E$25=$AL$9)*$S$9:$S$25) -> 1498 | AM10: =SUMPRODUCT(($D$9:$D$25=$AL$6)*($E$9:$E$25=$AM$9)*$S$9:$S$25) -> 0 | AN10: =SUMPRODUCT(($D$9:$D$25=$AL$6)*($E$9:$E$25=$AN$9)*$S$9:$S$25) -> 664 | AO10: =SUMPRODUCT(($D$9:$D$25=$AL$6)*($E$9:$E$25=$AO$9)*$S$9:$S$25) -> 338 | AP10: =SUMPRODUCT(($D$9:$D$25=$AL$6)*($E$9:$E$25=$AP$9)*$S$9:$S$25) -> 140 | AQ10: =SUMPRODUCT(($D$9:$D$25=$AQ$6)*($E$9:$E$25=$AQ$9)*$S$9:$S$25) -> 33188 | AR10: =SUMPRODUCT(($D$9:$D$25=$AQ$6)*($E$9:$E$25=$AR$9)*$S$9:$S$25) -> 2139 | AS10: =SUMPRODUCT(($D$9:$D$25=$AQ$6)*($E$9:$E$25=$AS$9)*$S$9:$S$25) -> 6336 | AT10: =SUMPRODUCT(($D$9:$D$25=$AQ$6)*($E$9:$E$25=$AT$9)*$S$9:$S$25) -> 7190 | AU10: =SUMPRODUCT(($D$9:$D$25=$AQ$6)*($E$9:$E$25=$AU$9)*$S$9:$S$25) -> 240 | AV10: =SUM(AE10:AU10) -> 148912
A11: Total(到本月) | B11: =SUMPRODUCT((($V$10:$V$21)<=VALUE(B9))*($Z$10:$Z$21)) -> 148912 | D11: 生活 | E11: 住 | F11: =3326 -> 3326 | I11: =133+2143 -> 2276 | J11: 593 | M11: 3487 | P11: 139 | Q11: =9491-7000+1376+959+839+1500 -> 7165 | S11: =SUM(F11:R11) -> 16986 | V11: =$C$28 -> 202602 | W11: =T28 -> 58231 | X11: =T35 -> 309 | Y11: =T40 -> 395049.69 | Z11: =W11+X11+Y11 -> 453589.69 | AD11: =V11 -> 202602 | AE11: =SUMPRODUCT(($D$28:$D$44=$AE$6)*($E$28:$E$44=AE$9)*$S$28:$S$44) -> 25456 | AF11: =SUMPRODUCT(($D$28:$D$44=$AE$6)*($E$28:$E$44=AF$9)*$S$28:$S$44) -> 400 | AG11: =SUMPRODUCT(($D$28:$D$44=$AE$6)*($E$28:$E$44=AG$9)*$S$28:$S$44) -> 6491 | AH11: =SUMPRODUCT(($D$28:$D$44=$AE$6)*($E$28:$E$44=AH$9)*$S$28:$S$44) -> 250 | AI11: =SUMPRODUCT(($D$28:$D$44=$AE$6)*($E$28:$E$44=AI$9)*$S$28:$S$44) -> 0 | AJ11: =SUMPRODUCT(($D$28:$D$44=$AE$6)*($E$28:$E$44=AJ$9)*$S$28:$S$44) -> 15867 | AK11: =SUMPRODUCT(($D$28:$D$44=$AE$6)*($E$28:$E$44=AK$9)*$S$28:$S$44) -> 9767 | AL11: =SUMPRODUCT(($D$28:$D$44=$AL$6)*($E$28:$E$44=AL$9)*$S$28:$S$44) -> 0 | AM11: =SUMPRODUCT(($D$28:$D$44=$AL$6)*($E$28:$E$44=AM$9)*$S$28:$S$44) -> 0 | AN11: =SUMPRODUCT(($D$28:$D$44=$AL$6)*($E$28:$E$44=AN$9)*$S$28:$S$44) -> 0 | AO11: =SUMPRODUCT(($D$28:$D$44=$AL$6)*($E$28:$E$44=AO$9)*$S$28:$S$44) -> 90 | AP11: =SUMPRODUCT(($D$28:$D$44=$AL$6)*($E$28:$E$44=AP$9)*$S$28:$S$44) -> 219 | AQ11: =SUMPRODUCT(($D$28:$D$44=$AQ$6)*($E$28:$E$44=AQ$9)*$S$28:$S$44) -> 372084.69 | AR11: =SUMPRODUCT(($D$28:$D$44=$AQ$6)*($E$28:$E$44=AR$9)*$S$28:$S$44) -> 3190 | AS11: =SUMPRODUCT(($D$28:$D$44=$AQ$6)*($E$28:$E$44=AS$9)*$S$28:$S$44) -> 0 | AT11: =SUMPRODUCT(($D$28:$D$44=$AQ$6)*($E$28:$E$44=AT$9)*$S$28:$S$44) -> 3375 | AU11: =SUMPRODUCT(($D$28:$D$44=$AQ$6)*($E$28:$E$44=AU$9)*$S$28:$S$44) -> 16400 | AV11: =SUM(AE11:AU11) -> 453589.69
A12: YOY% | B12: =B11/SUMPRODUCT(('2026'!$V$10:$V$21<='2026'!B9)*'2022'!$Z$10:$Z$21) -> 0.96223111 | D12: 生活 | E12: 行 | F12: =100+698 -> 798 | H12: =1262+25+500+1151+1311 -> 4249 | I12: =235+45+13039 -> 13319 | J12: =300+300+90 -> 690 | M12: =45+60+529 -> 634 | O12: =100+100+100+100+100+100+100+300 -> 1000 | Q12: 597 | S12: =SUM(F12:R12) -> 21287 | V12: =$C$47 -> 202603 | W12: =T47 -> 156908 | X12: =T54 -> 3999 | Y12: =T59 -> 23047 | Z12: =W12+X12+Y12 -> 183954 | AD12: =V12 -> 202603 | AE12: =SUMPRODUCT(($D$47:$D$63=$AE$6)*($E$47:$E$63=AE$9)*$S$47:$S$63) -> 28348 | AF12: =SUMPRODUCT(($D$47:$D$63=$AE$6)*($E$47:$E$63=AF$9)*$S$47:$S$63) -> 325 | AG12: =SUMPRODUCT(($D$47:$D$63=$AE$6)*($E$47:$E$63=AG$9)*$S$47:$S$63) -> 18860 | AH12: =SUMPRODUCT(($D$47:$D$63=$AE$6)*($E$47:$E$63=AH$9)*$S$47:$S$63) -> 366 | AI12: =SUMPRODUCT(($D$47:$D$63=$AE$6)*($E$47:$E$63=AI$9)*$S$47:$S$63) -> 29349 | AJ12: =SUMPRODUCT(($D$47:$D$63=$AE$6)*($E$47:$E$63=AJ$9)*$S$47:$S$63) -> 62831 | AK12: =SUMPRODUCT(($D$47:$D$63=$AE$6)*($E$47:$E$63=AK$9)*$S$47:$S$63) -> 16829 | AL12: =SUMPRODUCT(($D$47:$D$63=$AL$6)*($E$47:$E$63=AL$9)*$S$47:$S$63) -> 300 | AM12: =SUMPRODUCT(($D$47:$D$63=$AL$6)*($E$47:$E$63=AM$9)*$S$47:$S$63) -> 0 | AN12: =SUMPRODUCT(($D$47:$D$63=$AL$6)*($E$47:$E$63=AN$9)*$S$47:$S$63) -> 699 | AO12: =SUMPRODUCT(($D$47:$D$63=$AL$6)*($E$47:$E$63=AO$9)*$S$47:$S$63) -> 0 | AP12: =SUMPRODUCT(($D$47:$D$63=$AL$6)*($E$47:$E$63=AP$9)*$S$47:$S$63) -> 3000 | AQ12: =SUMPRODUCT(($D$47:$D$63=$AQ$6)*($E$47:$E$63=AQ$9)*$S$47:$S$63) -> 2442 | AR12: =SUMPRODUCT(($D$47:$D$63=$AQ$6)*($E$47:$E$63=AR$9)*$S$47:$S$63) -> 0 | AS12: =SUMPRODUCT(($D$47:$D$63=$AQ$6)*($E$47:$E$63=AS$9)*$S$47:$S$63) -> 11230 | AT12: =SUMPRODUCT(($D$47:$D$63=$AQ$6)*($E$47:$E$63=AT$9)*$S$47:$S$63) -> 3375 | AU12: =SUMPRODUCT(($D$47:$D$63=$AQ$6)*($E$47:$E$63=AU$9)*$S$47:$S$63) -> 6000 | AV12: =SUM(AE12:AU12) -> 183954
A13: Total-車貸(本月) | B13: =B11-$K$2*VALUE(RIGHT(B9,2))/9 -> 148912 | D13: 生活 | E13: 育-基本 | F13: =5100+1700+3700+3000+800+900 -> 15200 | J13: 100 | M13: 56 | S13: =SUM(F13:R13) -> 15356 | V13: =$C$66 -> 202604 | W13: =T66 -> 61428 | X13: =T73 -> 3268 | Y13: =T78 -> 69224 | Z13: =W13+X13+Y13 -> 133920 | AD13: =V13 -> 202604 | AE13: =SUMPRODUCT(($D$66:$D$82=$AE$6)*($E$66:$E$82=AE$9)*$S$66:$S$82) -> 22616 | AF13: =SUMPRODUCT(($D$66:$D$82=$AE$6)*($E$66:$E$82=AF$9)*$S$66:$S$82) -> 2678 | AG13: =SUMPRODUCT(($D$66:$D$82=$AE$6)*($E$66:$E$82=AG$9)*$S$66:$S$82) -> 20930 | AH13: =SUMPRODUCT(($D$66:$D$82=$AE$6)*($E$66:$E$82=AH$9)*$S$66:$S$82) -> 488 | AI13: =SUMPRODUCT(($D$66:$D$82=$AE$6)*($E$66:$E$82=AI$9)*$S$66:$S$82) -> 6500 | AJ13: =SUMPRODUCT(($D$66:$D$82=$AE$6)*($E$66:$E$82=AJ$9)*$S$66:$S$82) -> 300 | AK13: =SUMPRODUCT(($D$66:$D$82=$AE$6)*($E$66:$E$82=AK$9)*$S$66:$S$82) -> 7916 | AL13: =SUMPRODUCT(($D$66:$D$82=$AL$6)*($E$66:$E$82=AL$9)*$S$66:$S$82) -> 0 | AM13: =SUMPRODUCT(($D$66:$D$82=$AL$6)*($E$66:$E$82=AM$9)*$S$66:$S$82) -> 0 | AN13: =SUMPRODUCT(($D$66:$D$82=$AL$6)*($E$66:$E$82=AN$9)*$S$66:$S$82) -> 334 | AO13: =SUMPRODUCT(($D$66:$D$82=$AL$6)*($E$66:$E$82=AO$9)*$S$66:$S$82) -> 334 | AP13: =SUMPRODUCT(($D$66:$D$82=$AL$6)*($E$66:$E$82=AP$9)*$S$66:$S$82) -> 2600 | AQ13: =SUMPRODUCT(($D$66:$D$82=$AQ$6)*($E$66:$E$82=AQ$9)*$S$66:$S$82) -> 651 | AR13: =SUMPRODUCT(($D$66:$D$82=$AQ$6)*($E$66:$E$82=AR$9)*$S$66:$S$82) -> 1882 | AS13: =SUMPRODUCT(($D$66:$D$82=$AQ$6)*($E$66:$E$82=AS$9)*$S$66:$S$82) -> 2500 | AT13: =SUMPRODUCT(($D$66:$D$82=$AQ$6)*($E$66:$E$82=AT$9)*$S$66:$S$82) -> 3375 | AU13: =SUMPRODUCT(($D$66:$D$82=$AQ$6)*($E$66:$E$82=AU$9)*$S$66:$S$82) -> 60816 | AV13: =SUM(AE13:AU13) -> 133920
A14: 實際占預計支出% | B14: =B13/($J$2*12) -> 0.074456 | D14: 生活 | E14: 育-才藝 | F14: =18000 -> 18000 | S14: =SUM(F14:R14) -> 18000 | V14: =$C$85 -> 202605 | W14: =T85 -> 81247 | X14: =T92 -> 6959 | Y14: =T97 -> 107937.17 | Z14: =W14+X14+Y14 -> 196143.17 | AD14: =V14 -> 202605 | AE14: =SUMPRODUCT(($D$85:$D$101=$AE$6)*($E$85:$E$101=AE$9)*$S$85:$S$101) -> 26065 | AF14: =SUMPRODUCT(($D$85:$D$101=$AE$6)*($E$85:$E$101=AF$9)*$S$85:$S$101) -> 0 | AG14: =SUMPRODUCT(($D$85:$D$101=$AE$6)*($E$85:$E$101=AG$9)*$S$85:$S$101) -> 22014 | AH14: =SUMPRODUCT(($D$85:$D$101=$AE$6)*($E$85:$E$101=AH$9)*$S$85:$S$101) -> 5305 | AI14: =SUMPRODUCT(($D$85:$D$101=$AE$6)*($E$85:$E$101=AI$9)*$S$85:$S$101) -> 8500 | AJ14: =SUMPRODUCT(($D$85:$D$101=$AE$6)*($E$85:$E$101=AJ$9)*$S$85:$S$101) -> 12930 | AK14: =SUMPRODUCT(($D$85:$D$101=$AE$6)*($E$85:$E$101=AK$9)*$S$85:$S$101) -> 6433 | AL14: =SUMPRODUCT(($D$85:$D$101=$AL$6)*($E$85:$E$101=AL$9)*$S$85:$S$101) -> 5879 | AM14: =SUMPRODUCT(($D$85:$D$101=$AL$6)*($E$85:$E$101=AM$9)*$S$85:$S$101) -> 1080 | AN14: =SUMPRODUCT(($D$85:$D$101=$AL$6)*($E$85:$E$101=AN$9)*$S$85:$S$101) -> 0 | AO14: =SUMPRODUCT(($D$85:$D$101=$AL$6)*($E$85:$E$101=AO$9)*$S$85:$S$101) -> 0 | AP14: =SUMPRODUCT(($D$85:$D$101=$AL$6)*($E$85:$E$101=AP$9)*$S$85:$S$101) -> 0 | AQ14: =SUMPRODUCT(($D$85:$D$101=$AQ$6)*($E$85:$E$101=AQ$9)*$S$85:$S$101) -> 90415.5 | AR14: =SUMPRODUCT(($D$85:$D$101=$AQ$6)*($E$85:$E$101=AR$9)*$S$85:$S$101) -> 1000 | AS14: =SUMPRODUCT(($D$85:$D$101=$AQ$6)*($E$85:$E$101=AS$9)*$S$85:$S$101) -> 6853 | AT14: =SUMPRODUCT(($D$85:$D$101=$AQ$6)*($E$85:$E$101=AT$9)*$S$85:$S$101) -> 3375.6667 | AU14: =SUMPRODUCT(($D$85:$D$101=$AQ$6)*($E$85:$E$101=AU$9)*$S$85:$S$101) -> 6293 | AV14: =SUM(AE14:AU14) -> 196143.17
A15: 支出% | B15: =VALUE(RIGHT(B9,2))/12 -> 0.083333333 | D15: 生活 | E15: 醫療費用 | S15: =SUM(F15:R15) -> 0 | V15: =$C$104 -> 202606 | W15: =T104 -> 95046 | X15: =T111 -> 11569 | Y15: =T116 -> 4484.6667 | Z15: =W15+X15+Y15 -> 111099.67 | AD15: =V15 -> 202606 | AE15: =SUMPRODUCT(($D$104:$D$120=$AE$6)*($E$104:$E$120=AE$9)*$S$104:$S$120) -> 32531 | AF15: =SUMPRODUCT(($D$104:$D$120=$AE$6)*($E$104:$E$120=AF$9)*$S$104:$S$120) -> 490 | AG15: =SUMPRODUCT(($D$104:$D$120=$AE$6)*($E$104:$E$120=AG$9)*$S$104:$S$120) -> 19215 | AH15: =SUMPRODUCT(($D$104:$D$120=$AE$6)*($E$104:$E$120=AH$9)*$S$104:$S$120) -> 650 | AI15: =SUMPRODUCT(($D$104:$D$120=$AE$6)*($E$104:$E$120=AI$9)*$S$104:$S$120) -> 22664 | AJ15: =SUMPRODUCT(($D$104:$D$120=$AE$6)*($E$104:$E$120=AJ$9)*$S$104:$S$120) -> 9438 | AK15: =SUMPRODUCT(($D$104:$D$120=$AE$6)*($E$104:$E$120=AK$9)*$S$104:$S$120) -> 10058 | AL15: =SUMPRODUCT(($D$104:$D$120=$AL$6)*($E$104:$E$120=AL$9)*$S$104:$S$120) -> 0 | AM15: =SUMPRODUCT(($D$104:$D$120=$AL$6)*($E$104:$E$120=AM$9)*$S$104:$S$120) -> 1240 | AN15: =SUMPRODUCT(($D$104:$D$120=$AL$6)*($E$104:$E$120=AN$9)*$S$104:$S$120) -> 9999 | AO15: =SUMPRODUCT(($D$104:$D$120=$AL$6)*($E$104:$E$120=AO$9)*$S$104:$S$120) -> 330 | AP15: =SUMPRODUCT(($D$104:$D$120=$AL$6)*($E$104:$E$120=AP$9)*$S$104:$S$120) -> 0 | AQ15: =SUMPRODUCT(($D$104:$D$120=$AQ$6)*($E$104:$E$120=AQ$9)*$S$104:$S$120) -> 260 | AR15: =SUMPRODUCT(($D$104:$D$120=$AQ$6)*($E$104:$E$120=AR$9)*$S$104:$S$120) -> 850 | AS15: =SUMPRODUCT(($D$104:$D$120=$AQ$6)*($E$104:$E$120=AS$9)*$S$104:$S$120) -> 0 | AT15: =SUMPRODUCT(($D$104:$D$120=$AQ$6)*($E$104:$E$120=AT$9)*$S$104:$S$120) -> 3374.6667 | AU15: =SUMPRODUCT(($D$104:$D$120=$AQ$6)*($E$104:$E$120=AU$9)*$S$104:$S$120) -> 0 | AV15: =SUM(AE15:AU15) -> 111099.67
A16: 剩餘/超支 $$ | B16: =B10*VALUE(RIGHT(B9,2))-B13 -> 17754.667 | D16: 想要&奢侈品 | E16: N | F16: =398+250+250+300+300 -> 1498 | S16: =SUM(F16:R16) -> 1498 | T16: =SUM(S16:S20) -> 2640 | V16: =$C$123 -> 202607 | W16: =T123 -> 60595 | X16: =T130 -> 1428 | Y16: =T135 -> 227527.02 | Z16: =W16+X16+Y16 -> 289550.02 | AD16: =V16 -> 202607 | AE16: =SUMPRODUCT(($D$123:$D$139=$AE$6)*($E$123:$E$139=AE$9)*$S$123:$S$139) -> 19984 | AF16: =SUMPRODUCT(($D$123:$D$139=$AE$6)*($E$123:$E$139=AF$9)*$S$123:$S$139) -> 0 | AG16: =SUMPRODUCT(($D$123:$D$139=$AE$6)*($E$123:$E$139=AG$9)*$S$123:$S$139) -> 25056 | AH16: =SUMPRODUCT(($D$123:$D$139=$AE$6)*($E$123:$E$139=AH$9)*$S$123:$S$139) -> 0 | AI16: =SUMPRODUCT(($D$123:$D$139=$AE$6)*($E$123:$E$139=AI$9)*$S$123:$S$139) -> 5215 | AJ16: =SUMPRODUCT(($D$123:$D$139=$AE$6)*($E$123:$E$139=AJ$9)*$S$123:$S$139) -> 6000 | AK16: =SUMPRODUCT(($D$123:$D$139=$AE$6)*($E$123:$E$139=AK$9)*$S$123:$S$139) -> 4340 | AL16: =SUMPRODUCT(($D$123:$D$139=$AL$6)*($E$123:$E$139=AL$9)*$S$123:$S$139) -> 450 | AM16: =SUMPRODUCT(($D$123:$D$139=$AL$6)*($E$123:$E$139=AM$9)*$S$123:$S$139) -> 0 | AN16: =SUMPRODUCT(($D$123:$D$139=$AL$6)*($E$123:$E$139=AN$9)*$S$123:$S$139) -> 473 | AO16: =SUMPRODUCT(($D$123:$D$139=$AL$6)*($E$123:$E$139=AO$9)*$S$123:$S$139) -> 133 | AP16: =SUMPRODUCT(($D$123:$D$139=$AL$6)*($E$123:$E$139=AP$9)*$S$123:$S$139) -> 372 | AQ16: =SUMPRODUCT(($D$123:$D$139=$AQ$6)*($E$123:$E$139=AQ$9)*$S$123:$S$139) -> 214817.35 | AR16: =SUMPRODUCT(($D$123:$D$139=$AQ$6)*($E$123:$E$139=AR$9)*$S$123:$S$139) -> 913 | AS16: =SUMPRODUCT(($D$123:$D$139=$AQ$6)*($E$123:$E$139=AS$9)*$S$123:$S$139) -> 6180 | AT16: =SUMPRODUCT(($D$123:$D$139=$AQ$6)*($E$123:$E$139=AT$9)*$S$123:$S$139) -> 3375.6667 | AU16: =SUMPRODUCT(($D$123:$D$139=$AQ$6)*($E$123:$E$139=AU$9)*$S$123:$S$139) -> 2241 | AV16: =SUM(AE16:AU16) -> 289550.02
A17: 剩餘/超支 $$(本月) | B17: =$J$2-(S26-F23) -> 24090.667 | D17: 想要&奢侈品 | E17: A | S17: =SUM(F17:R17) -> 0 | V17: =$C$142 -> 202608 | W17: =T142 -> 64393 | X17: =T149 -> 3649 | Y17: =T154 -> 8114.6667 | Z17: =W17+X17+Y17 -> 76156.667 | AD17: =V17 -> 202608 | AE17: =SUMPRODUCT(($D$142:$D$158=$AE$6)*($E$142:$E$158=AE$9)*$S$142:$S$158) -> 15098 | AF17: =SUMPRODUCT(($D$142:$D$158=$AE$6)*($E$142:$E$158=AF$9)*$S$142:$S$158) -> 0 | AG17: =SUMPRODUCT(($D$142:$D$158=$AE$6)*($E$142:$E$158=AG$9)*$S$142:$S$158) -> 15876 | AH17: =SUMPRODUCT(($D$142:$D$158=$AE$6)*($E$142:$E$158=AH$9)*$S$142:$S$158) -> 0 | AI17: =SUMPRODUCT(($D$142:$D$158=$AE$6)*($E$142:$E$158=AI$9)*$S$142:$S$158) -> 7449 | AJ17: =SUMPRODUCT(($D$142:$D$158=$AE$6)*($E$142:$E$158=AJ$9)*$S$142:$S$158) -> 21000 | AK17: =SUMPRODUCT(($D$142:$D$158=$AE$6)*($E$142:$E$158=AK$9)*$S$142:$S$158) -> 4970 | AL17: =SUMPRODUCT(($D$142:$D$158=$AL$6)*($E$142:$E$158=AL$9)*$S$142:$S$158) -> 0 | AM17: =SUMPRODUCT(($D$142:$D$158=$AL$6)*($E$142:$E$158=AM$9)*$S$142:$S$158) -> 0 | AN17: =SUMPRODUCT(($D$142:$D$158=$AL$6)*($E$142:$E$158=AN$9)*$S$142:$S$158) -> 1500 | AO17: =SUMPRODUCT(($D$142:$D$158=$AL$6)*($E$142:$E$158=AO$9)*$S$142:$S$158) -> 2149 | AP17: =SUMPRODUCT(($D$142:$D$158=$AL$6)*($E$142:$E$158=AP$9)*$S$142:$S$158) -> 0 | AQ17: =SUMPRODUCT(($D$142:$D$158=$AQ$6)*($E$142:$E$158=AQ$9)*$S$142:$S$158) -> 0 | AR17: =SUMPRODUCT(($D$142:$D$158=$AQ$6)*($E$142:$E$158=AR$9)*$S$142:$S$158) -> 0 | AS17: =SUMPRODUCT(($D$142:$D$158=$AQ$6)*($E$142:$E$158=AS$9)*$S$142:$S$158) -> 0 | AT17: =SUMPRODUCT(($D$142:$D$158=$AQ$6)*($E$142:$E$158=AT$9)*$S$142:$S$158) -> 4114.6667 | AU17: =SUMPRODUCT(($D$142:$D$158=$AQ$6)*($E$142:$E$158=AU$9)*$S$142:$S$158) -> 4000 | AV17: =SUM(AE17:AU17) -> 76156.667
D18: 想要&奢侈品 | E18: L | I18: =330+330+4 -> 664 | S18: =SUM(F18:R18) -> 664 | V18: =$C$161 -> 202609 | W18: =T161 -> 64413 | X18: =T168 -> 0 | Y18: =T173 -> 3375.6667 | Z18: =W18+X18+Y18 -> 67788.667 | AD18: =V18 -> 202609 | AE18: =SUMPRODUCT(($D$161:$D$177=$AE$6)*($E$161:$E$177=AE$9)*$S$161:$S$177) -> 8000 | AF18: =SUMPRODUCT(($D$161:$D$177=$AE$6)*($E$161:$E$177=AF$9)*$S$161:$S$177) -> 0 | AG18: =SUMPRODUCT(($D$161:$D$177=$AE$6)*($E$161:$E$177=AG$9)*$S$161:$S$177) -> 15310 | AH18: =SUMPRODUCT(($D$161:$D$177=$AE$6)*($E$161:$E$177=AH$9)*$S$161:$S$177) -> 0 | AI18: =SUMPRODUCT(($D$161:$D$177=$AE$6)*($E$161:$E$177=AI$9)*$S$161:$S$177) -> 39808 | AJ18: =SUMPRODUCT(($D$161:$D$177=$AE$6)*($E$161:$E$177=AJ$9)*$S$161:$S$177) -> 0 | AK18: =SUMPRODUCT(($D$161:$D$177=$AE$6)*($E$161:$E$177=AK$9)*$S$161:$S$177) -> 1295 | AL18: =SUMPRODUCT(($D$161:$D$177=$AL$6)*($E$161:$E$177=AL$9)*$S$161:$S$177) -> 0 | AM18: =SUMPRODUCT(($D$161:$D$177=$AL$6)*($E$161:$E$177=AM$9)*$S$161:$S$177) -> 0 | AN18: =SUMPRODUCT(($D$161:$D$177=$AL$6)*($E$161:$E$177=AN$9)*$S$161:$S$177) -> 0 | AO18: =SUMPRODUCT(($D$161:$D$177=$AL$6)*($E$161:$E$177=AO$9)*$S$161:$S$177) -> 0 | AP18: =SUMPRODUCT(($D$161:$D$177=$AL$6)*($E$161:$E$177=AP$9)*$S$161:$S$177) -> 0 | AQ18: =SUMPRODUCT(($D$161:$D$177=$AQ$6)*($E$161:$E$177=AQ$9)*$S$161:$S$177) -> 0 | AR18: =SUMPRODUCT(($D$161:$D$177=$AQ$6)*($E$161:$E$177=AR$9)*$S$161:$S$177) -> 0 | AS18: =SUMPRODUCT(($D$161:$D$177=$AQ$6)*($E$161:$E$177=AS$9)*$S$161:$S$177) -> 0 | AT18: =SUMPRODUCT(($D$161:$D$177=$AQ$6)*($E$161:$E$177=AT$9)*$S$161:$S$177) -> 3375.6667 | AU18: =SUMPRODUCT(($D$161:$D$177=$AQ$6)*($E$161:$E$177=AU$9)*$S$161:$S$177) -> 0 | AV18: =SUM(AE18:AU18) -> 67788.667
D19: 想要&奢侈品 | E19: D | I19: =330+4+4 -> 338 | S19: =SUM(F19:R19) -> 338 | V19: =$C$180 -> 202610 | W19: =T180 -> 64413 | X19: =T187 -> 0 | Y19: =T192 -> 3375.6667 | Z19: =W19+X19+Y19 -> 67788.667 | AD19: =V19 -> 202610 | AE19: =SUMPRODUCT(($D$180:$D$196=$AE$6)*($E$180:$E$196=AE$9)*$S$180:$S$196) -> 8000 | AF19: =SUMPRODUCT(($D$180:$D$196=$AE$6)*($E$180:$E$196=AF$9)*$S$180:$S$196) -> 0 | AG19: =SUMPRODUCT(($D$180:$D$196=$AE$6)*($E$180:$E$196=AG$9)*$S$180:$S$196) -> 15310 | AH19: =SUMPRODUCT(($D$180:$D$196=$AE$6)*($E$180:$E$196=AH$9)*$S$180:$S$196) -> 0 | AI19: =SUMPRODUCT(($D$180:$D$196=$AE$6)*($E$180:$E$196=AI$9)*$S$180:$S$196) -> 39808 | AJ19: =SUMPRODUCT(($D$180:$D$196=$AE$6)*($E$180:$E$196=AJ$9)*$S$180:$S$196) -> 0 | AK19: =SUMPRODUCT(($D$180:$D$196=$AE$6)*($E$180:$E$196=AK$9)*$S$180:$S$196) -> 1295 | AL19: =SUMPRODUCT(($D$180:$D$196=$AL$6)*($E$180:$E$196=AL$9)*$S$180:$S$196) -> 0 | AM19: =SUMPRODUCT(($D$180:$D$196=$AL$6)*($E$180:$E$196=AM$9)*$S$180:$S$196) -> 0 | AN19: =SUMPRODUCT(($D$180:$D$196=$AL$6)*($E$180:$E$196=AN$9)*$S$180:$S$196) -> 0 | AO19: =SUMPRODUCT(($D$180:$D$196=$AL$6)*($E$180:$E$196=AO$9)*$S$180:$S$196) -> 0 | AP19: =SUMPRODUCT(($D$180:$D$196=$AL$6)*($E$180:$E$196=AP$9)*$S$180:$S$196) -> 0 | AQ19: =SUMPRODUCT(($D$180:$D$196=$AQ$6)*($E$180:$E$196=AQ$9)*$S$180:$S$196) -> 0 | AR19: =SUMPRODUCT(($D$180:$D$196=$AQ$6)*($E$180:$E$196=AR$9)*$S$180:$S$196) -> 0 | AS19: =SUMPRODUCT(($D$180:$D$196=$AQ$6)*($E$180:$E$196=AS$9)*$S$180:$S$196) -> 0 | AT19: =SUMPRODUCT(($D$180:$D$196=$AQ$6)*($E$180:$E$196=AT$9)*$S$180:$S$196) -> 3375.6667 | AU19: =SUMPRODUCT(($D$180:$D$196=$AQ$6)*($E$180:$E$196=AU$9)*$S$180:$S$196) -> 0 | AV19: =SUM(AE19:AU19) -> 67788.667
D20: 想要&奢侈品 | E20: 其它 | F20: 140 | S20: =SUM(F20:R20) -> 140 | V20: =$C$199 -> 202611 | W20: =T199 -> 54920 | X20: =T206 -> 0 | Y20: =T211 -> 3375.6667 | Z20: =W20+X20+Y20 -> 58295.667 | AD20: =V20 -> 202611 | AE20: =SUMPRODUCT(($D$199:$D$215=$AE$6)*($E$199:$E$215=AE$9)*$S$199:$S$215) -> 8000 | AF20: =SUMPRODUCT(($D$199:$D$215=$AE$6)*($E$199:$E$215=AF$9)*$S$199:$S$215) -> 0 | AG20: =SUMPRODUCT(($D$199:$D$215=$AE$6)*($E$199:$E$215=AG$9)*$S$199:$S$215) -> 5817 | AH20: =SUMPRODUCT(($D$199:$D$215=$AE$6)*($E$199:$E$215=AH$9)*$S$199:$S$215) -> 0 | AI20: =SUMPRODUCT(($D$199:$D$215=$AE$6)*($E$199:$E$215=AI$9)*$S$199:$S$215) -> 39808 | AJ20: =SUMPRODUCT(($D$199:$D$215=$AE$6)*($E$199:$E$215=AJ$9)*$S$199:$S$215) -> 0 | AK20: =SUMPRODUCT(($D$199:$D$215=$AE$6)*($E$199:$E$215=AK$9)*$S$199:$S$215) -> 1295 | AL20: =SUMPRODUCT(($D$199:$D$215=$AL$6)*($E$199:$E$215=AL$9)*$S$199:$S$215) -> 0 | AM20: =SUMPRODUCT(($D$199:$D$215=$AL$6)*($E$199:$E$215=AM$9)*$S$199:$S$215) -> 0 | AN20: =SUMPRODUCT(($D$199:$D$215=$AL$6)*($E$199:$E$215=AN$9)*$S$199:$S$215) -> 0 | AO20: =SUMPRODUCT(($D$199:$D$215=$AL$6)*($E$199:$E$215=AO$9)*$S$199:$S$215) -> 0 | AP20: =SUMPRODUCT(($D$199:$D$215=$AL$6)*($E$199:$E$215=AP$9)*$S$199:$S$215) -> 0 | AQ20: =SUMPRODUCT(($D$199:$D$215=$AQ$6)*($E$199:$E$215=AQ$9)*$S$199:$S$215) -> 0 | AR20: =SUMPRODUCT(($D$199:$D$215=$AQ$6)*($E$199:$E$215=AR$9)*$S$199:$S$215) -> 0 | AS20: =SUMPRODUCT(($D$199:$D$215=$AQ$6)*($E$199:$E$215=AS$9)*$S$199:$S$215) -> 0 | AT20: =SUMPRODUCT(($D$199:$D$215=$AQ$6)*($E$199:$E$215=AT$9)*$S$199:$S$215) -> 3375.6667 | AU20: =SUMPRODUCT(($D$199:$D$215=$AQ$6)*($E$199:$E$215=AU$9)*$S$199:$S$215) -> 0 | AV20: =SUM(AE20:AU20) -> 58295.667
D21: 一次性支出 | E21: 旅遊 | F21: =140+250+120+460+135 -> 1105 | J21: =149+99+500+224 -> 972 | M21: 1286 | O21: =(750+12)*32.5+5060 -> 29825 | S21: =SUM(F21:R21) -> 33188 | T21: =SUM(S21:S25) -> 49093 | V21: =$C$218 -> 202612 | W21: =T218 -> 21612 | X21: =T225 -> 0 | Y21: =T230 -> 0 | Z21: =W21+X21+Y21 -> 21612 | AD21: =V21 -> 202612 | AE21: =SUMPRODUCT(($D$218:$D$234=$AE$6)*($E$218:$E$234=AE$9)*$S$218:$S$234) -> 8000 | AF21: =SUMPRODUCT(($D$218:$D$234=$AE$6)*($E$218:$E$234=AF$9)*$S$218:$S$234) -> 0 | AG21: =SUMPRODUCT(($D$218:$D$234=$AE$6)*($E$218:$E$234=AG$9)*$S$218:$S$234) -> 5817 | AH21: =SUMPRODUCT(($D$218:$D$234=$AE$6)*($E$218:$E$234=AH$9)*$S$218:$S$234) -> 0 | AI21: =SUMPRODUCT(($D$218:$D$234=$AE$6)*($E$218:$E$234=AI$9)*$S$218:$S$234) -> 6500 | AJ21: =SUMPRODUCT(($D$218:$D$234=$AE$6)*($E$218:$E$234=AJ$9)*$S$218:$S$234) -> 0 | AK21: =SUMPRODUCT(($D$218:$D$234=$AE$6)*($E$218:$E$234=AK$9)*$S$218:$S$234) -> 1295 | AL21: =SUMPRODUCT(($D$218:$D$234=$AL$6)*($E$218:$E$234=AL$9)*$S$218:$S$234) -> 0 | AM21: =SUMPRODUCT(($D$218:$D$234=$AL$6)*($E$218:$E$234=AM$9)*$S$218:$S$234) -> 0 | AN21: =SUMPRODUCT(($D$218:$D$234=$AL$6)*($E$218:$E$234=AN$9)*$S$218:$S$234) -> 0 | AO21: =SUMPRODUCT(($D$218:$D$234=$AL$6)*($E$218:$E$234=AO$9)*$S$218:$S$234) -> 0 | AP21: =SUMPRODUCT(($D$218:$D$234=$AL$6)*($E$218:$E$234=AP$9)*$S$218:$S$234) -> 0 | AQ21: =SUMPRODUCT(($D$218:$D$234=$AQ$6)*($E$218:$E$234=AQ$9)*$S$218:$S$234) -> 0 | AR21: =SUMPRODUCT(($D$218:$D$234=$AQ$6)*($E$218:$E$234=AR$9)*$S$218:$S$234) -> 0 | AS21: =SUMPRODUCT(($D$218:$D$234=$AQ$6)*($E$218:$E$234=AS$9)*$S$218:$S$234) -> 0 | AT21: =SUMPRODUCT(($D$218:$D$234=$AQ$6)*($E$218:$E$234=AT$9)*$S$218:$S$234) -> 0 | AU21: =SUMPRODUCT(($D$218:$D$234=$AQ$6)*($E$218:$E$234=AU$9)*$S$218:$S$234) -> 0 | AV21: =SUM(AE21:AU21) -> 21612
D22: 一次性支出 | E22: 家庭聚會 | J22: 1559 | M22: =580 -> 580 | S22: =SUM(F22:R22) -> 2139
D23: 一次性支出 | E23: 稅費 | F23: 6336 | S23: =SUM(F23:R23) -> 6336
D24: 一次性支出 | E24: 保險 | F24: 3815 | Q24: 3375 | S24: =SUM(F24:R24) -> 7190
D25: 一次性支出 | E25: 其它 | F25: 240 | S25: =SUM(F25:R25) -> 240
D26: Total | E26: Total | F26: =SUM(F9:F25) -> 59528 | G26: =SUM(G9:G25) -> 500 | H26: =SUM(H9:H25) -> 5153 | I26: =SUM(I9:I25) -> 17136 | J26: =SUM(J9:J25) -> 6602 | K26: =SUM(K9:K25) -> 0 | L26: =SUM(L9:L25) -> 0 | M26: =SUM(M9:M25) -> 8454 | ... S26: =SUM(S9:S25) -> 148912
A28: 月份 | B28: =B9+1 -> 202602 | C28: =B28 -> 202602 | D28: 生活 | E28: 食 | F28: =28+265+50+760+240+60+250+134+110+160+179+60+90+70+700+130+80+100+303+159+120+318+360+130+520+60+120+1000+120 -> 6676 | H28: =4000+62+208+270 -> 4540 | I28: =138+318+614-235+440+614-235 -> 1654 | J28: =159+60+500 -> 719 | L28: 78 | M28: =240+500+120+1196+510+70+500-500 -> 2636 | O28: =62+2681+2527-5000 -> 270 | P28: =287+96+500 -> 883 | Q28: =2000+2000+2000+2000 -> 8000 | S28: =SUM(F28:R28) -> 25456 | T28: =SUM(S28:S34) -> 58231
A29: 預計支出/月 | B29: =$J$2 -> 166666.67 | D29: 生活 | E29: 衣 | F29: 400 | S29: =SUM(F29:R29) -> 400
A30: Total(到本月) | B30: =SUMPRODUCT((($V$10:$V$21)<=VALUE(B28))*($Z$10:$Z$21)) -> 602501.69 | D30: 生活 | E30: 住 | F30: 3326 | M30: 174 | P30: 500 | Q30: =9491-7000 -> 2491 | S30: =SUM(F30:R30) -> 6491
A31: YOY% | B31: =B30/SUMPRODUCT(('2026'!$V$10:$V$21<='2026'!B28)*'2022'!$Z$10:$Z$21) -> 1.7997267 | D31: 生活 | E31: 行 | F31: =100+60+100+160*4+698 -> 1598 | G31: 1137 | H31: =100+200+60+15+26+241+400+100+160 -> 1302 | I31: 100 | J31: =1010+1300+76 -> 2386 | K31: 500 | M31: =60+765+529 -> 1354 | O31: 60 | P31: 733 | Q31: 597 | S31: =SUM(F31:R31) -> 9767
A32: Total-車貸(本月) | B32: =B30-$K$2*VALUE(RIGHT(B28,2))/9 -> 602501.69 | D32: 生活 | E32: 育-基本 | S32: =SUM(F32:R32) -> 0
A33: 實際占預計支出% | B33: =B32/($J$2*12) -> 0.30125085 | D33: 生活 | E33: 育-才藝 | F33: =5000*2+5867 -> 15867 | S33: =SUM(F33:R33) -> 15867
A34: 支出% | B34: =VALUE(RIGHT(B28,2))/12 -> 0.16666667 | D34: 生活 | E34: 醫療費用 | F34: 250 | S34: =SUM(F34:R34) -> 250
A35: 剩餘/超支 $$ | B35: =B29*VALUE(RIGHT(B28,2))-B32 -> -269168.36 | D35: 想要&奢侈品 | E35: N | S35: =SUM(F35:R35) -> 0 | T35: =SUM(S35:S39) -> 309
A36: 剩餘/超支 $$(本月) | B36: =$J$2-(S45-F42) -> -286923.03 | D36: 想要&奢侈品 | E36: A | S36: =SUM(F36:R36) -> 0
D37: 想要&奢侈品 | E37: L | S37: =SUM(F37:R37) -> 0
D38: 想要&奢侈品 | E38: D | F38: 90 | S38: =SUM(F38:R38) -> 90
D39: 想要&奢侈品 | E39: 其它 | M39: 219 | S39: =SUM(F39:R39) -> 219
D40: 一次性支出 | E40: 旅遊 | F40: =5033+14300+438+386+25948*0.202+2200 -> 27598.496 | H40: =801+100+2+238+1887+937+210+3+26 -> 4204 | I40: =39948+599+54237+813-25000+48707+730+3443+51+4688+70+7236*2+108*2-1804-27+801+12+801+7400+19200+2814+42+2797+41+300+300+1784+100784*0.202 -> 197793.37 | J40: =153346*0.202+101940*0.202+120+25+4+2+5+200+7+5+45+3+1+35+4+10+2+1+2+3+2+3+4+15 -> 52065.772 | K40: =101238*0.202 -> 20450.076 | L40: 4310 | M40: =2144+9251+399+1260+800+1716+231+107+12190+438+368 -> 28904 | O40: =12000*2*0.206+(5500*2+8000*1)*0.206+22.5*31+2101+1051 -> 12707.5 | P40: =+(3962+2980+3960)*0.202+106838*0.202+226+42 -> 24051.48 | S40: =SUM(F40:R40) -> 372084.69 | T40: =SUM(S40:S44) -> 395049.69
D41: 一次性支出 | E41: 家庭聚會 | F41: =1390+900 -> 2290 | J41: 900 | S41: =SUM(F41:R41) -> 3190
D42: 一次性支出 | E42: 稅費 | S42: =SUM(F42:R42) -> 0
D43: 一次性支出 | E43: 保險 | Q43: 3375 | S43: =SUM(F43:R43) -> 3375
D44: 一次性支出 | E44: 其它 | I44: =3908+40+31422+27947-27947-31422-3908-40 -> 0 | Q44: =8000*2-2000*2+18800-3600*4 -> 16400 | S44: =SUM(F44:R44) -> 16400
D45: Total | E45: Total | F45: =SUM(F28:F44) -> 58095.496 | G45: =SUM(G28:G44) -> 1137 | H45: =SUM(H28:H44) -> 10046 | I45: =SUM(I28:I44) -> 199547.37 | J45: =SUM(J28:J44) -> 56070.772 | K45: =SUM(K28:K44) -> 20950.076 | L45: =SUM(L28:L44) -> 4388 | M45: =SUM(M28:M44) -> 33287 | ... S45: =SUM(S28:S44) -> 453589.69
A47: 月份 | B47: =B28+1 -> 202603 | C47: =B47 -> 202603 | D47: 生活 | E47: 食 | F47: =70+100+500+140+325+520+140+260+538+170+500+750+1485+30+270+255+226+200+290+165+125+140+330+40+540+425+34+140+35 -> 8743 | H47: 500 | I47: =420+75+273+35 -> 803 | J47: =76+256+160+180+500+53+130+99+10+178+457+10+85+150+29+181 -> 2554 | K47: =500+90+320+2000 -> 2910 | L47: 655 | M47: =101+410+125+740+360+606+241+300+265+30 -> 3178 | N47: 770 | P47: =205+30 -> 235 | Q47: =2000+2000+2000+2000 -> 8000 | S47: =SUM(F47:R47) -> 28348 | T47: =SUM(S47:S53) -> 156908
A48: 預計支出/月 | B48: =$J$2 -> 166666.67 | D48: 生活 | E48: 衣 | F48: 325 | S48: =SUM(F48:R48) -> 325
A49: Total(到本月) | B49: =SUMPRODUCT((($V$10:$V$21)<=VALUE(B47))*($Z$10:$Z$21)) -> 786455.69 | D49: 生活 | E49: 住 | F49: =3326+230+2250+5304 -> 11110 | I49: =2784+156+126+282 -> 3348 | P49: =500+500+500+126 -> 1626 | Q49: =9491-7000+285 -> 2776 | S49: =SUM(F49:R49) -> 18860
A50: YOY% | B50: =B49/SUMPRODUCT(('2026'!$V$10:$V$21<='2026'!B47)*'2022'!$Z$10:$Z$21) -> 1.644125 | D50: 生活 | E50: 行 | F50: =100+100+100+6000+300+300+698 -> 7598 | H50: =241+1402 -> 1643 | J50: =160+160+76+1400+100+220+220+220+220+200+1514 -> 4490 | M50: =100+525 -> 625 | Q50: =597+1376+500 -> 2473 | S50: =SUM(F50:R50) -> 16829
A51: Total-車貸(本月) | B51: =B49-$K$2*VALUE(RIGHT(B47,2))/9 -> 786455.69 | D51: 生活 | E51: 育-基本 | F51: =6000+14000 -> 20000 | H51: =1636+1458+4504+1751 -> 9349 | S51: =SUM(F51:R51) -> 29349
A52: 實際占預計支出% | B52: =B51/($J$2*12) -> 0.39322785 | D52: 生活 | E52: 育-才藝 | F52: =29730+21900 -> 51630 | H52: =5035+2930+3236 -> 11201 | S52: =SUM(F52:R52) -> 62831
A53: 支出% | B53: =VALUE(RIGHT(B47,2))/12 -> 0.25 | D53: 生活 | E53: 醫療費用 | F53: =250+72 -> 322 | Q53: 44 | S53: =SUM(F53:R53) -> 366
A54: 剩餘/超支 $$ | B54: =B48*VALUE(RIGHT(B47,2))-B51 -> -286455.69 | D54: 想要&奢侈品 | E54: N | F54: 300 | S54: =SUM(F54:R54) -> 300 | T54: =SUM(S54:S58) -> 3999
A55: 剩餘/超支 $$(本月) | B55: =$J$2-(S64-F61) -> -17287.333 | D55: 想要&奢侈品 | E55: A | S55: =SUM(F55:R55) -> 0
D56: 想要&奢侈品 | E56: L | J56: 699 | S56: =SUM(F56:R56) -> 699
D57: 想要&奢侈品 | E57: D | S57: =SUM(F57:R57) -> 0
D58: 想要&奢侈品 | E58: 其它 | Q58: 3000 | S58: =SUM(F58:R58) -> 3000
D59: 一次性支出 | E59: 旅遊 | F59: 1200 | M59: =242+1000 -> 1242 | S59: =SUM(F59:R59) -> 2442 | T59: =SUM(S59:S63) -> 23047
D60: 一次性支出 | E60: 家庭聚會 | S60: =SUM(F60:R60) -> 0
D61: 一次性支出 | E61: 稅費 | I61: 11230 | S61: =SUM(F61:R61) -> 11230
D62: 一次性支出 | E62: 保險 | Q62: 3375 | S62: =SUM(F62:R62) -> 3375
D63: 一次性支出 | E63: 其它 | I63: 6000 | S63: =SUM(F63:R63) -> 6000
D64: Total | E64: Total | F64: =SUM(F47:F63) -> 101228 | G64: =SUM(G47:G63) -> 0 | H64: =SUM(H47:H63) -> 22693 | I64: =SUM(I47:I63) -> 21381 | J64: =SUM(J47:J63) -> 7743 | K64: =SUM(K47:K63) -> 2910 | L64: =SUM(L47:L63) -> 655 | M64: =SUM(M47:M63) -> 5045 | ... S64: =SUM(S47:S63) -> 183954
A66: 月份 | B66: =B47+1 -> 202604 | C66: =B66 -> 202604 | D66: 生活 | E66: 食 | F66: =60+250+250+460+70+103+1803+55+500+1485+170+420+440+140+113 -> 6319 | H66: =111+235 -> 346 | I66: =35+445+110 -> 590 | J66: =108+150+150+10+150+80+32+1640+500 -> 2820 | K66: 500 | M66: =149+367+125+768+105+245+135+119+119 -> 2132 | N66: 228 | P66: =168+1300+120+93 -> 1681 | Q66: =2000+2000+2000+2000 -> 8000 | S66: =SUM(F66:R66) -> 22616 | T66: =SUM(S66:S72) -> 61428
A67: 預計支出/月 | B67: =$J$2 -> 166666.67 | D67: 生活 | E67: 衣 | J67: 2678 | S67: =SUM(F67:R67) -> 2678
A68: Total(到本月) | B68: =SUMPRODUCT((($V$10:$V$21)<=VALUE(B66))*($Z$10:$Z$21)) -> 920375.69 | D68: 生活 | E68: 住 | F68: =3326+200+9493 -> 13019 | I68: =117+1665+473 -> 2255 | Q68: =9491-7000+1500+1665 -> 5656 | S68: =SUM(F68:R68) -> 20930
A69: YOY% | B69: =B68/SUMPRODUCT(('2026'!$V$10:$V$21<='2026'!B66)*'2022'!$Z$10:$Z$21) -> 1.5122014 | D69: 生活 | E69: 行 | F69: =60+698 -> 758 | H69: =500+189 -> 689 | I69: =103+1674 -> 1777 | J69: =140*3+140*3 -> 840 | K69: =475+675 -> 1150 | M69: =200+529 -> 729 | Q69: =597+1376 -> 1973 | S69: =SUM(F69:R69) -> 7916
A70: Total-車貸(本月) | B70: =B68-$K$2*VALUE(RIGHT(B66,2))/9 -> 920375.69 | D70: 生活 | E70: 育-基本 | F70: 6500 | S70: =SUM(F70:R70) -> 6500
A71: 實際占預計支出% | B71: =B70/($J$2*12) -> 0.46018785 | D71: 生活 | E71: 育-才藝 | F71: 300 | S71: =SUM(F71:R71) -> 300
A72: 支出% | B72: =VALUE(RIGHT(B66,2))/12 -> 0.33333333 | D72: 生活 | E72: 醫療費用 | F72: 250 | M72: =119+119 -> 238 | S72: =SUM(F72:R72) -> 488
A73: 剩餘/超支 $$ | B73: =B67*VALUE(RIGHT(B66,2))-B70 -> -253709.03 | D73: 想要&奢侈品 | E73: N | S73: =SUM(F73:R73) -> 0 | T73: =SUM(S73:S77) -> 3268
A74: 剩餘/超支 $$(本月) | B74: =$J$2-(S83-F80) -> 32746.667 | D74: 想要&奢侈品 | E74: A | S74: =SUM(F74:R74) -> 0
D75: 想要&奢侈品 | E75: L | I75: 334 | S75: =SUM(F75:R75) -> 334
D76: 想要&奢侈品 | E76: D | I76: 334 | S76: =SUM(F76:R76) -> 334
D77: 想要&奢侈品 | E77: 其它 | Q77: 2600 | S77: =SUM(F77:R77) -> 2600
D78: 一次性支出 | E78: 旅遊 | I78: 651 | S78: =SUM(F78:R78) -> 651 | T78: =SUM(S78:S82) -> 69224
D79: 一次性支出 | E79: 家庭聚會 | Q79: =2882-1000 -> 1882 | S79: =SUM(F79:R79) -> 1882
D80: 一次性支出 | E80: 稅費 | P80: =1500+1000 -> 2500 | S80: =SUM(F80:R80) -> 2500
D81: 一次性支出 | E81: 保險 | Q81: 3375 | S81: =SUM(F81:R81) -> 3375
D82: 一次性支出 | E82: 其它 | I82: =651+9+1914+28+2+135+7+509+5+373+13+918+32+2180+62+4191+288+19258+3+252+83+5584+9+663+7+477+54+3614+8+597+61+4097+25+1707+55+3686+9+660+8+547+52+3479+33+2209+4+277+4+312+10+712+50+13+880 -> 60816 | S82: =SUM(F82:R82) -> 60816
D83: Total | E83: Total | F83: =SUM(F66:F82) -> 27146 | G83: =SUM(G66:G82) -> 0 | H83: =SUM(H66:H82) -> 1035 | I83: =SUM(I66:I82) -> 66757 | J83: =SUM(J66:J82) -> 6338 | K83: =SUM(K66:K82) -> 1650 | L83: =SUM(L66:L82) -> 0 | M83: =SUM(M66:M82) -> 3099 | ... S83: =SUM(S66:S82) -> 133920
A85: 月份 | B85: =B66+1 -> 202605 | C85: =B85 -> 202605 | D85: 生活 | E85: 食 | F85: =390+573+140+200+200+1000+150+3834+1713+305+125+90+30+105+130+175+200+530+75+60+500 -> 10525 | H85: =235+496+1360+80+50+1220 -> 3441 | J85: =49+248+198+10+500 -> 1005 | M85: =1449+45+345+265+65+90+85+0+115+460+35 -> 2954 | Q85: =2000+2000+2000+2000+140 -> 8140 | S85: =SUM(F85:R85) -> 26065 | T85: =SUM(S85:S91) -> 81247
A86: 預計支出/月 | B86: =$J$2 -> 166666.67 | D86: 生活 | E86: 衣 | S86: =SUM(F86:R86) -> 0
A87: Total(到本月) | B87: =SUMPRODUCT((($V$10:$V$21)<=VALUE(B85))*($Z$10:$Z$21)) -> 1116518.9 | D87: 生活 | E87: 住 | F87: =3326+9493 -> 12819 | H87: 155 | I87: =2213+634+155 -> 3002 | M87: =767+401 -> 1168 | Q87: =9491-7000+1300+1079 -> 4870 | S87: =SUM(F87:R87) -> 22014
A88: YOY% | B88: =B87/SUMPRODUCT(('2026'!$V$10:$V$21<='2026'!B85)*'2022'!$Z$10:$Z$21) -> 1.4807903 | D88: 生活 | E88: 行 | F88: =125+698 -> 823 | H88: =1388+400 -> 1788 | I88: =100+1735 -> 1835 | J88: =100*3*4+90 -> 1290 | M88: 100 | Q88: 597 | S88: =SUM(F88:R88) -> 6433
A89: Total-車貸(本月) | B89: =B87-$K$2*VALUE(RIGHT(B85,2))/9 -> 1116518.9 | D89: 生活 | E89: 育-基本 | F89: =6500+2000 -> 8500 | S89: =SUM(F89:R89) -> 8500
A90: 實際占預計支出% | B90: =B89/($J$2*12) -> 0.55825943 | D90: 生活 | E90: 育-才藝 | F90: =7800+5130 -> 12930 | S90: =SUM(F90:R90) -> 12930
A91: 支出% | B91: =VALUE(RIGHT(B85,2))/12 -> 0.41666667 | D91: 生活 | E91: 醫療費用 | F91: =500+500 -> 1000 | M91: 45 | P91: 4000 | Q91: 260 | S91: =SUM(F91:R91) -> 5305
A92: 剩餘/超支 $$ | B92: =B86*VALUE(RIGHT(B85,2))-B89 -> -283185.53 | D92: 想要&奢侈品 | E92: N | F92: 300 | M92: =740+339-500 -> 579 | P92: 5000 | S92: =SUM(F92:R92) -> 5879 | T92: =SUM(S92:S96) -> 6959
A93: 剩餘/超支 $$(本月) | B93: =$J$2-(S102-F99) -> -29476.5 | D93: 想要&奢侈品 | E93: A | F93: 1080 | S93: =SUM(F93:R93) -> 1080
D94: 想要&奢侈品 | E94: L | S94: =SUM(F94:R94) -> 0
D95: 想要&奢侈品 | E95: D | S95: =SUM(F95:R95) -> 0
D96: 想要&奢侈品 | E96: 其它 | S96: =SUM(F96:R96) -> 0
D97: 一次性支出 | E97: 旅遊 | H97: =7240+22679/2+340/2+2857+90+1+9+116+2+31+140+2+90+1+116+2+9+96+1+20 -> 22332.5 | I97: =5099+1333+90+1+116+1+13+31+96+1+20 -> 6801 | J97: =5685+868+1157+868+642+2081+1131+10+31+17+96+404+1+6+70+1+20 -> 13088 | K97: =400+200+596+1241+752+4622+2312+2167+607+194+939+9+19+11+69+35+33+9+3+14+90+1+9+116+2+31 -> 14481 | M97: =12947+2243+1230+609 -> 17029 | O97: 5771 | P97: =142+2+255+4+1478+22+259+4+283+4+206+3+1947+29+1228+18+267+4+400+6+319+5+469+7+186+3+40+1+434+7+2791+42+47+1 -> 10913 | S97: =SUM(F97:R97) -> 90415.5 | T97: =SUM(S97:S101) -> 107937.17
D98: 一次性支出 | E98: 家庭聚會 | F98: 300 | P98: 700 | S98: =SUM(F98:R98) -> 1000
D99: 一次性支出 | E99: 稅費 | P99: 6853 | S99: =SUM(F99:R99) -> 6853
D100: 一次性支出 | E100: 保險 | Q100: 3375.6667 | S100: =SUM(F100:R100) -> 3375.6667
D101: 一次性支出 | E101: 其它 | H101: =12733-6440 -> 6293 | S101: =SUM(F101:R101) -> 6293
D102: Total | E102: Total | F102: =SUM(F85:F101) -> 48277 | G102: =SUM(G85:G101) -> 0 | H102: =SUM(H85:H101) -> 34009.5 | I102: =SUM(I85:I101) -> 11638 | J102: =SUM(J85:J101) -> 15383 | K102: =SUM(K85:K101) -> 14481 | L102: =SUM(L85:L101) -> 0 | M102: =SUM(M85:M101) -> 21875 | ... S102: =SUM(S85:S101) -> 196143.17
A104: 月份 | B104: =B85+1 -> 202606 | C104: =B104 -> 202606 | D104: 生活 | E104: 食 | F104: =75+90+160+240+99+120+150+594+49+80+443+380+110+200+300+540+140+60+140+325+500+120 -> 4915 | G104: 1000 | H104: =50+300+15+70+25+40+169 -> 669 | I104: 320 | J104: =75+1950+167+500+234 -> 2926 | K104: =163+500+1280 -> 1943 | L104: 64 | M104: =55+147+430+35+558+50+149+104+198+780+95+150+175+75+137+213+167+45+170+234+100+1498+164+204+269+35+279 -> 6516 | N104: =976+1650 -> 2626 | P104: 277 | Q104: =2000+2000+2000+2000+1000+1000+1000 -> 11000 | R104: =75+200 -> 275 | S104: =SUM(F104:R104) -> 32531 | T104: =SUM(S104:S110) -> 95046
A105: 預計支出/月 | B105: =$J$2 -> 166666.67 | D105: 生活 | E105: 衣 | H105: 490 | S105: =SUM(F105:R105) -> 490
...

Sheet 2027
A1: 生活 | B1: =SUMIF(D:D,A1,S:S) -> 216394 | C1: =B1/$B$4 -> 0.62793458 | J1: 月支出估計 | K1: 房貸 | L1: 年支出估計
A2: 想要&奢侈品 | B2: =SUMIF(D:D,A2,S:S) -> 0 | C2: =B2/$B$4 -> 0 | J2: =2000000/12 -> 166666.67 | L2: =J2*12+K2 -> 2000000
A3: 一次性支出 | B3: =SUMIF(D:D,A3,S:S) -> 128218.33 | C3: =B3/$B$4 -> 0.37206542 | AD3: =YEAR(NOW())-1&IF(LEN(MONTH(NOW()))=1,"0","")&MONTH(NOW()) -> 202508 | AS3: =27778*12 -> 333336
A4: Total | B4: =SUMIF(D:D,A4,S:S) -> 344612.33 | C4: =B4-B89 -> 190468.83 | AD4: =YEAR(NOW())&IF(LEN(MONTH(NOW()))=1,"0","")&MONTH(NOW()) -> 202608
A5: Total-車貸 | B5: =B4-K2 -> 344612.33 | AD5: =SUM(AE5:AU5) -> 344612.33 | AE5: =SUM(AE10:AE21) -> 80000 | AF5: =SUM(AF10:AF21) -> 0 | AG5: =SUM(AG10:AG21) -> 58170 | AH5: =SUM(AH10:AH21) -> 20254 | AI5: =SUM(AI10:AI21) -> 52000 | AJ5: =SUM(AJ10:AJ21) -> 0 | AK5: =SUM(AK10:AK21) -> 5970 | AL5: =SUM(AL10:AL21) -> 0 | ... AU5: =SUM(AU10:AU21) -> 0
A6: 占預計支出比例 | B6: =B4/L2 -> 0.17230617 | F6: =F7/$S$7 -> 0.25398685 | G6: =G7/$S$7 -> 0 | H6: =H7/$S$7 -> 0.054407513 | I6: =I7/$S$7 -> 0.13479059 | J6: =J7/$S$7 -> 0 | K6: =K7/$S$7 -> 0.077669884 | L6: =L7/$S$7 -> 0 | M6: =M7/$S$7 -> 0.020251742 | ... R6: =R7/$S$7 -> 0 | AE6: =W9 -> 生活 | AL6: =X9 -> 想要&奢侈品 | AQ6: =Y9 -> 一次性支出
F7: =SUMIF($D$9:$D$1012,"Total",F9:F1012) -> 87527 | G7: =SUMIF($D$9:$D$1012,"Total",G9:G1012) -> 0 | H7: =SUMIF($D$9:$D$1012,"Total",H9:H1012) -> 18749.5 | I7: =SUMIF($D$9:$D$1012,"Total",I9:I1012) -> 46450.5 | J7: =SUMIF($D$9:$D$1012,"Total",J9:J1012) -> 0 | K7: =SUMIF($D$9:$D$1012,"Total",K9:K1012) -> 26766 | L7: =SUMIF($D$9:$D$1012,"Total",L9:L1012) -> 0 | M7: =SUMIF($D$9:$D$1012,"Total",M9:M1012) -> 6979 | ... R7: =SUMIF($D$9:$D$1012,"Total",R9:R1012) -> 0 | S7: =SUM(F7:R7) -> 344612.33 | AD7: YOY% | AE7: =SUMPRODUCT((VALUE($AD$10:$AD$21)<=VALUE($AD$4))*(AE10:AK21))/SUMPRODUCT((VALUE('2022'!$AD$10:$AD$21)<=VALUE($AD$3))*('2022'!AE$10:AK$21)) -> 0 | AL7: =SUMPRODUCT((VALUE($AD$10:$AD$21)<=VALUE($AD$4))*(AL10:AP21))/SUMPRODUCT((VALUE('2022'!$AD$10:$AD$21)<=VALUE($AD$3))*('2022'!AL$10:AP$21)) -> 0 | AQ7: =SUMPRODUCT((VALUE($AD$10:$AD$21)<=VALUE($AD$4))*(AQ10:AU21))/SUMPRODUCT((VALUE('2022'!$AD$10:$AD$21)<=VALUE($AD$3))*('2022'!AQ$10:AU$21)) -> 0
C8: 年月 | F8: 其他現金支出 | G8: 匯豐 | H8: 台新ALL | I8: 玉山ALL | J8: 永豐 | K8: 合庫+上海 | L8: 國泰KOKO | M8: 星展 | N8: 聯邦微風卡 | O8: 新光無限卡 | P8: 中信 | Q8: 孝敬長輩 | R8: 合庫 | S8: Total | W8: =SUM(W10:W21) -> 216394 | X8: =SUM(X10:X21) -> 0 | Y8: =SUM(Y10:Y21) -> 128218.33 | AD8: =SUMPRODUCT((VALUE($AD$10:$AD$21)<=VALUE($AD$4))*(AE10:AU21))/SUMPRODUCT((VALUE('2022'!$AD$10:$AD$21)<=VALUE($AD$3))*('2022'!AE$10:AU$21)) -> 0 | AE8: =SUMPRODUCT((VALUE($AD$10:$AD$21)<=VALUE($AD$4))*(AE10:AE21))/SUMPRODUCT((VALUE('2022'!$AD$10:$AD$21)<=VALUE($AD$3))*('2022'!AG$10:AG$21)) -> 0 | AF8: =(SUMPRODUCT((VALUE($AD$10:$AD$21)<=VALUE($AD$4))*(AF10:AF21))+SUMPRODUCT((VALUE($AD$10:$AD$21)<=VALUE($AD$4))*(AG10:AG21))+SUMPRODUCT((VALUE($AD$10:$AD$21)<=VALUE($AD$4))*(AK10:AK21)))/(SUMPRODUCT((VALUE('2022'!$AD$10:$AD$21)<=VALUE($AD$3))*('2022'!AE$10:AE$21))+SUMPRODUCT((VALUE('2022'!$AD$10:$AD$21)<=VALUE($AD$3))*('2022'!AI$10:AI$21))+SUMPRODUCT((VALUE('2022'!$AD$10:$AD$21)<=VALUE($AD$3))*('2022'!AJ$10:AJ$21))) -> 0 | AI8: =(SUMPRODUCT((VALUE($AD$10:$AD$21)<=VALUE($AD$4))*(AI10:AI21))+SUMPRODUCT((VALUE($AD$10:$AD$21)<=VALUE($AD$4))*(AJ10:AJ21)))/SUMPRODUCT((VALUE('2022'!$AD$10:$AD$21)<=VALUE($AD$3))*('2022'!AK$10:AK$21)) -> 0 | AK8: =SUMPRODUCT((VALUE($AD$10:$AD$21)<=VALUE($AD$4))*(AH10:AH21))/SUMPRODUCT((VALUE('2022'!$AD$10:$AD$21)<=VALUE($AD$3))*('2022'!AF$10:AF$21)) -> 0 | AL8: =SUMPRODUCT((VALUE($AD$10:$AD$21)<=VALUE($AD$4))*(AL10:AL21))/SUMPRODUCT((VALUE('2022'!$AD$10:$AD$21)<=VALUE($AD$3))*('2022'!AL10:AL21)) -> 0 | AM8: =SUMPRODUCT((VALUE($AD$10:$AD$21)<=VALUE($AD$4))*(AM10:AM21))/SUMPRODUCT((VALUE('2022'!$AD$10:$AD$21)<=VALUE($AD$3))*('2022'!AM10:AM21)) -> 0 | AN8: =SUMPRODUCT((VALUE($AD$10:$AD$21)<=VALUE($AD$4))*(AN10:AN21))/SUMPRODUCT((VALUE('2022'!$AD$10:$AD$21)<=VALUE($AD$3))*('2022'!AN10:AN21)) -> 0 | AO8: =SUMPRODUCT((VALUE($AD$10:$AD$21)<=VALUE($AD$4))*(AO10:AO21))/SUMPRODUCT((VALUE('2022'!$AD$10:$AD$21)<=VALUE($AD$3))*('2022'!AO10:AO21)) -> 0 | AP8: =SUMPRODUCT((VALUE($AD$10:$AD$21)<=VALUE($AD$4))*(AP10:AP21))/SUMPRODUCT((VALUE('2022'!$AD$10:$AD$21)<=VALUE($AD$3))*('2022'!AP10:AP21)) -> 0 | AQ8: =SUMPRODUCT((VALUE($AD$10:$AD$21)<=VALUE($AD$4))*(AQ10:AQ21))/SUMPRODUCT((VALUE('2022'!$AD$10:$AD$21)<=VALUE($AD$3))*('2022'!AQ10:AQ21)) -> 0 | AR8: =SUMPRODUCT((VALUE($AD$10:$AD$21)<=VALUE($AD$4))*(AR10:AR21))/SUMPRODUCT((VALUE('2022'!$AD$10:$AD$21)<=VALUE($AD$3))*('2022'!AR10:AR21)) -> 0 | AS8: =SUMPRODUCT((VALUE($AD$10:$AD$21)<=VALUE($AD$4))*(AS10:AS21))/SUMPRODUCT((VALUE('2022'!$AD$10:$AD$21)<=VALUE($AD$3))*('2022'!AS10:AS21)) -> 0 | ... AU8: =SUMPRODUCT((VALUE($AD$10:$AD$21)<=VALUE($AD$4))*(AU10:AU21))/SUMPRODUCT((VALUE('2022'!$AD$10:$AD$21)<=VALUE($AD$3))*('2022'!AU10:AU21)) -> 0
A9: 月份 | B9: 202701 | C9: =B9 -> 202701 | D9: 生活 | E9: 食 | S9: =SUM(F9:R9) -> 0 | T9: =SUM(S9:S15) -> 0 | V9: 月份 | W9: =A1 -> 生活 | X9: 想要&奢侈品 | Y9: =A3 -> 一次性支出 | Z9: Total | AD9: 月份 | AE9: 食 | AF9: 衣 | AG9: 住 | AH9: 醫療費用 | AI9: 育-基本 | AJ9: 育-才藝 | AK9: 行 | AL9: N | AM9: A | AN9: L | AO9: D | AP9: 其它 | AQ9: 旅遊 | AR9: 家庭聚會 | AS9: 稅費 | AT9: 保險 | AU9: 其它 | AV9: 合計
A10: 預計支出/月 | B10: =$J$2 -> 166666.67 | D10: 生活 | E10: 衣 | S10: =SUM(F10:R10) -> 0 | V10: =$C$9 -> 202701 | W10: =T9 -> 0 | X10: =T16 -> 0 | Y10: =T21 -> 42270 | Z10: =W10+X10+Y10 -> 42270 | AD10: =V10 -> 202701 | AE10: =SUMPRODUCT(($D$9:$D$25=$AE$6)*($E$9:$E$25=AE$9)*$S$9:$S$25) -> 0 | AF10: =SUMPRODUCT(($D$9:$D$25=$AE$6)*($E$9:$E$25=$AF$9)*$S$9:$S$25) -> 0 | AG10: =SUMPRODUCT(($D$9:$D$25=$AE$6)*($E$9:$E$25=$AG$9)*$S$9:$S$25) -> 0 | AH10: =SUMPRODUCT(($D$9:$D$25=$AE$6)*($E$9:$E$25=$AH$9)*$S$9:$S$25) -> 0 | AI10: =SUMPRODUCT(($D$9:$D$25=$AE$6)*($E$9:$E$25=$AI$9)*$S$9:$S$25) -> 0 | AJ10: =SUMPRODUCT(($D$9:$D$25=$AE$6)*($E$9:$E$25=$AJ$9)*$S$9:$S$25) -> 0 | AK10: =SUMPRODUCT(($D$9:$D$25=$AE$6)*($E$9:$E$25=$AK$9)*$S$9:$S$25) -> 0 | AL10: =SUMPRODUCT(($D$9:$D$25=$AL$6)*($E$9:$E$25=$AL$9)*$S$9:$S$25) -> 0 | AM10: =SUMPRODUCT(($D$9:$D$25=$AL$6)*($E$9:$E$25=$AM$9)*$S$9:$S$25) -> 0 | AN10: =SUMPRODUCT(($D$9:$D$25=$AL$6)*($E$9:$E$25=$AN$9)*$S$9:$S$25) -> 0 | AO10: =SUMPRODUCT(($D$9:$D$25=$AL$6)*($E$9:$E$25=$AO$9)*$S$9:$S$25) -> 0 | AP10: =SUMPRODUCT(($D$9:$D$25=$AL$6)*($E$9:$E$25=$AP$9)*$S$9:$S$25) -> 0 | AQ10: =SUMPRODUCT(($D$9:$D$25=$AQ$6)*($E$9:$E$25=$AQ$9)*$S$9:$S$25) -> 42270 | AR10: =SUMPRODUCT(($D$9:$D$25=$AQ$6)*($E$9:$E$25=$AR$9)*$S$9:$S$25) -> 0 | AS10: =SUMPRODUCT(($D$9:$D$25=$AQ$6)*($E$9:$E$25=$AS$9)*$S$9:$S$25) -> 0 | AT10: =SUMPRODUCT(($D$9:$D$25=$AQ$6)*($E$9:$E$25=$AT$9)*$S$9:$S$25) -> 0 | AU10: =SUMPRODUCT(($D$9:$D$25=$AQ$6)*($E$9:$E$25=$AU$9)*$S$9:$S$25) -> 0 | AV10: =SUM(AE10:AU10) -> 42270
A11: Total(到本月) | B11: =SUMPRODUCT((($V$10:$V$21)<=VALUE(B9))*($Z$10:$Z$21)) -> 42270 | D11: 生活 | E11: 住 | S11: =SUM(F11:R11) -> 0 | V11: =$C$28 -> 202702 | W11: =T28 -> 0 | X11: =T35 -> 0 | Y11: =T40 -> 0 | Z11: =W11+X11+Y11 -> 0 | AD11: =V11 -> 202702 | AE11: =SUMPRODUCT(($D$28:$D$44=$AE$6)*($E$28:$E$44=AE$9)*$S$28:$S$44) -> 0 | AF11: =SUMPRODUCT(($D$28:$D$44=$AE$6)*($E$28:$E$44=AF$9)*$S$28:$S$44) -> 0 | AG11: =SUMPRODUCT(($D$28:$D$44=$AE$6)*($E$28:$E$44=AG$9)*$S$28:$S$44) -> 0 | AH11: =SUMPRODUCT(($D$28:$D$44=$AE$6)*($E$28:$E$44=AH$9)*$S$28:$S$44) -> 0 | AI11: =SUMPRODUCT(($D$28:$D$44=$AE$6)*($E$28:$E$44=AI$9)*$S$28:$S$44) -> 0 | AJ11: =SUMPRODUCT(($D$28:$D$44=$AE$6)*($E$28:$E$44=AJ$9)*$S$28:$S$44) -> 0 | AK11: =SUMPRODUCT(($D$28:$D$44=$AE$6)*($E$28:$E$44=AK$9)*$S$28:$S$44) -> 0 | AL11: =SUMPRODUCT(($D$28:$D$44=$AL$6)*($E$28:$E$44=AL$9)*$S$28:$S$44) -> 0 | AM11: =SUMPRODUCT(($D$28:$D$44=$AL$6)*($E$28:$E$44=AM$9)*$S$28:$S$44) -> 0 | AN11: =SUMPRODUCT(($D$28:$D$44=$AL$6)*($E$28:$E$44=AN$9)*$S$28:$S$44) -> 0 | AO11: =SUMPRODUCT(($D$28:$D$44=$AL$6)*($E$28:$E$44=AO$9)*$S$28:$S$44) -> 0 | AP11: =SUMPRODUCT(($D$28:$D$44=$AL$6)*($E$28:$E$44=AP$9)*$S$28:$S$44) -> 0 | AQ11: =SUMPRODUCT(($D$28:$D$44=$AQ$6)*($E$28:$E$44=AQ$9)*$S$28:$S$44) -> 0 | AR11: =SUMPRODUCT(($D$28:$D$44=$AQ$6)*($E$28:$E$44=AR$9)*$S$28:$S$44) -> 0 | AS11: =SUMPRODUCT(($D$28:$D$44=$AQ$6)*($E$28:$E$44=AS$9)*$S$28:$S$44) -> 0 | AT11: =SUMPRODUCT(($D$28:$D$44=$AQ$6)*($E$28:$E$44=AT$9)*$S$28:$S$44) -> 0 | AU11: =SUMPRODUCT(($D$28:$D$44=$AQ$6)*($E$28:$E$44=AU$9)*$S$28:$S$44) -> 0 | AV11: =SUM(AE11:AU11) -> 0
A12: YOY% | B12: =B11/SUMPRODUCT(('2027'!$V$10:$V$21<='2027'!B9)*'2022'!$Z$10:$Z$21) -> 0.27313789 | D12: 生活 | E12: 行 | S12: =SUM(F12:R12) -> 0 | V12: =$C$47 -> 202703 | W12: =T47 -> 27665.333 | X12: =T54 -> 0 | Y12: =T59 -> 3376 | Z12: =W12+X12+Y12 -> 31041.333 | AD12: =V12 -> 202703 | AE12: =SUMPRODUCT(($D$47:$D$63=$AE$6)*($E$47:$E$63=AE$9)*$S$47:$S$63) -> 8000 | AF12: =SUMPRODUCT(($D$47:$D$63=$AE$6)*($E$47:$E$63=AF$9)*$S$47:$S$63) -> 0 | AG12: =SUMPRODUCT(($D$47:$D$63=$AE$6)*($E$47:$E$63=AG$9)*$S$47:$S$63) -> 5817 | AH12: =SUMPRODUCT(($D$47:$D$63=$AE$6)*($E$47:$E$63=AH$9)*$S$47:$S$63) -> 6751.3333 | AI12: =SUMPRODUCT(($D$47:$D$63=$AE$6)*($E$47:$E$63=AI$9)*$S$47:$S$63) -> 6500 | AJ12: =SUMPRODUCT(($D$47:$D$63=$AE$6)*($E$47:$E$63=AJ$9)*$S$47:$S$63) -> 0 | AK12: =SUMPRODUCT(($D$47:$D$63=$AE$6)*($E$47:$E$63=AK$9)*$S$47:$S$63) -> 597 | AL12: =SUMPRODUCT(($D$47:$D$63=$AL$6)*($E$47:$E$63=AL$9)*$S$47:$S$63) -> 0 | AM12: =SUMPRODUCT(($D$47:$D$63=$AL$6)*($E$47:$E$63=AM$9)*$S$47:$S$63) -> 0 | AN12: =SUMPRODUCT(($D$47:$D$63=$AL$6)*($E$47:$E$63=AN$9)*$S$47:$S$63) -> 0 | AO12: =SUMPRODUCT(($D$47:$D$63=$AL$6)*($E$47:$E$63=AO$9)*$S$47:$S$63) -> 0 | AP12: =SUMPRODUCT(($D$47:$D$63=$AL$6)*($E$47:$E$63=AP$9)*$S$47:$S$63) -> 0 | AQ12: =SUMPRODUCT(($D$47:$D$63=$AQ$6)*($E$47:$E$63=AQ$9)*$S$47:$S$63) -> 0 | AR12: =SUMPRODUCT(($D$47:$D$63=$AQ$6)*($E$47:$E$63=AR$9)*$S$47:$S$63) -> 0 | AS12: =SUMPRODUCT(($D$47:$D$63=$AQ$6)*($E$47:$E$63=AS$9)*$S$47:$S$63) -> 0 | AT12: =SUMPRODUCT(($D$47:$D$63=$AQ$6)*($E$47:$E$63=AT$9)*$S$47:$S$63) -> 3376 | AU12: =SUMPRODUCT(($D$47:$D$63=$AQ$6)*($E$47:$E$63=AU$9)*$S$47:$S$63) -> 0 | AV12: =SUM(AE12:AU12) -> 31041.333
A13: Total-車貸(本月) | B13: =B11-$K$2*VALUE(RIGHT(B9,2))/9 -> 42270 | D13: 生活 | E13: 育-基本 | S13: =SUM(F13:R13) -> 0 | V13: =$C$66 -> 202704 | W13: =T66 -> 27665.333 | X13: =T73 -> 0 | Y13: =T78 -> 3376 | Z13: =W13+X13+Y13 -> 31041.333 | AD13: =V13 -> 202704 | AE13: =SUMPRODUCT(($D$66:$D$82=$AE$6)*($E$66:$E$82=AE$9)*$S$66:$S$82) -> 8000 | AF13: =SUMPRODUCT(($D$66:$D$82=$AE$6)*($E$66:$E$82=AF$9)*$S$66:$S$82) -> 0 | AG13: =SUMPRODUCT(($D$66:$D$82=$AE$6)*($E$66:$E$82=AG$9)*$S$66:$S$82) -> 5817 | AH13: =SUMPRODUCT(($D$66:$D$82=$AE$6)*($E$66:$E$82=AH$9)*$S$66:$S$82) -> 6751.3333 | AI13: =SUMPRODUCT(($D$66:$D$82=$AE$6)*($E$66:$E$82=AI$9)*$S$66:$S$82) -> 6500 | AJ13: =SUMPRODUCT(($D$66:$D$82=$AE$6)*($E$66:$E$82=AJ$9)*$S$66:$S$82) -> 0 | AK13: =SUMPRODUCT(($D$66:$D$82=$AE$6)*($E$66:$E$82=AK$9)*$S$66:$S$82) -> 597 | AL13: =SUMPRODUCT(($D$66:$D$82=$AL$6)*($E$66:$E$82=AL$9)*$S$66:$S$82) -> 0 | AM13: =SUMPRODUCT(($D$66:$D$82=$AL$6)*($E$66:$E$82=AM$9)*$S$66:$S$82) -> 0 | AN13: =SUMPRODUCT(($D$66:$D$82=$AL$6)*($E$66:$E$82=AN$9)*$S$66:$S$82) -> 0 | AO13: =SUMPRODUCT(($D$66:$D$82=$AL$6)*($E$66:$E$82=AO$9)*$S$66:$S$82) -> 0 | AP13: =SUMPRODUCT(($D$66:$D$82=$AL$6)*($E$66:$E$82=AP$9)*$S$66:$S$82) -> 0 | AQ13: =SUMPRODUCT(($D$66:$D$82=$AQ$6)*($E$66:$E$82=AQ$9)*$S$66:$S$82) -> 0 | AR13: =SUMPRODUCT(($D$66:$D$82=$AQ$6)*($E$66:$E$82=AR$9)*$S$66:$S$82) -> 0 | AS13: =SUMPRODUCT(($D$66:$D$82=$AQ$6)*($E$66:$E$82=AS$9)*$S$66:$S$82) -> 0 | AT13: =SUMPRODUCT(($D$66:$D$82=$AQ$6)*($E$66:$E$82=AT$9)*$S$66:$S$82) -> 3376 | AU13: =SUMPRODUCT(($D$66:$D$82=$AQ$6)*($E$66:$E$82=AU$9)*$S$66:$S$82) -> 0 | AV13: =SUM(AE13:AU13) -> 31041.333
A14: 實際占預計支出% | B14: =B13/($J$2*12) -> 0.021135 | D14: 生活 | E14: 育-才藝 | S14: =SUM(F14:R14) -> 0 | V14: =$C$85 -> 202705 | W14: =T85 -> 27665.333 | X14: =T92 -> 0 | Y14: =T97 -> 22125.5 | Z14: =W14+X14+Y14 -> 49790.833 | AD14: =V14 -> 202705 | AE14: =SUMPRODUCT(($D$85:$D$101=$AE$6)*($E$85:$E$101=AE$9)*$S$85:$S$101) -> 8000 | AF14: =SUMPRODUCT(($D$85:$D$101=$AE$6)*($E$85:$E$101=AF$9)*$S$85:$S$101) -> 0 | AG14: =SUMPRODUCT(($D$85:$D$101=$AE$6)*($E$85:$E$101=AG$9)*$S$85:$S$101) -> 5817 | AH14: =SUMPRODUCT(($D$85:$D$101=$AE$6)*($E$85:$E$101=AH$9)*$S$85:$S$101) -> 6751.3333 | AI14: =SUMPRODUCT(($D$85:$D$101=$AE$6)*($E$85:$E$101=AI$9)*$S$85:$S$101) -> 6500 | AJ14: =SUMPRODUCT(($D$85:$D$101=$AE$6)*($E$85:$E$101=AJ$9)*$S$85:$S$101) -> 0 | AK14: =SUMPRODUCT(($D$85:$D$101=$AE$6)*($E$85:$E$101=AK$9)*$S$85:$S$101) -> 597 | AL14: =SUMPRODUCT(($D$85:$D$101=$AL$6)*($E$85:$E$101=AL$9)*$S$85:$S$101) -> 0 | AM14: =SUMPRODUCT(($D$85:$D$101=$AL$6)*($E$85:$E$101=AM$9)*$S$85:$S$101) -> 0 | AN14: =SUMPRODUCT(($D$85:$D$101=$AL$6)*($E$85:$E$101=AN$9)*$S$85:$S$101) -> 0 | AO14: =SUMPRODUCT(($D$85:$D$101=$AL$6)*($E$85:$E$101=AO$9)*$S$85:$S$101) -> 0 | AP14: =SUMPRODUCT(($D$85:$D$101=$AL$6)*($E$85:$E$101=AP$9)*$S$85:$S$101) -> 0 | AQ14: =SUMPRODUCT(($D$85:$D$101=$AQ$6)*($E$85:$E$101=AQ$9)*$S$85:$S$101) -> 18749.5 | AR14: =SUMPRODUCT(($D$85:$D$101=$AQ$6)*($E$85:$E$101=AR$9)*$S$85:$S$101) -> 0 | AS14: =SUMPRODUCT(($D$85:$D$101=$AQ$6)*($E$85:$E$101=AS$9)*$S$85:$S$101) -> 0 | AT14: =SUMPRODUCT(($D$85:$D$101=$AQ$6)*($E$85:$E$101=AT$9)*$S$85:$S$101) -> 3376 | AU14: =SUMPRODUCT(($D$85:$D$101=$AQ$6)*($E$85:$E$101=AU$9)*$S$85:$S$101) -> 0 | AV14: =SUM(AE14:AU14) -> 49790.833
A15: 支出% | B15: =VALUE(RIGHT(B9,2))/12 -> 0.083333333 | D15: 生活 | E15: 醫療費用 | S15: =SUM(F15:R15) -> 0 | V15: =$C$104 -> 202706 | W15: =T104 -> 20914 | X15: =T111 -> 0 | Y15: =T116 -> 3375.6667 | Z15: =W15+X15+Y15 -> 24289.667 | AD15: =V15 -> 202706 | AE15: =SUMPRODUCT(($D$104:$D$120=$AE$6)*($E$104:$E$120=AE$9)*$S$104:$S$120) -> 8000 | AF15: =SUMPRODUCT(($D$104:$D$120=$AE$6)*($E$104:$E$120=AF$9)*$S$104:$S$120) -> 0 | AG15: =SUMPRODUCT(($D$104:$D$120=$AE$6)*($E$104:$E$120=AG$9)*$S$104:$S$120) -> 5817 | AH15: =SUMPRODUCT(($D$104:$D$120=$AE$6)*($E$104:$E$120=AH$9)*$S$104:$S$120) -> 0 | AI15: =SUMPRODUCT(($D$104:$D$120=$AE$6)*($E$104:$E$120=AI$9)*$S$104:$S$120) -> 6500 | AJ15: =SUMPRODUCT(($D$104:$D$120=$AE$6)*($E$104:$E$120=AJ$9)*$S$104:$S$120) -> 0 | AK15: =SUMPRODUCT(($D$104:$D$120=$AE$6)*($E$104:$E$120=AK$9)*$S$104:$S$120) -> 597 | AL15: =SUMPRODUCT(($D$104:$D$120=$AL$6)*($E$104:$E$120=AL$9)*$S$104:$S$120) -> 0 | AM15: =SUMPRODUCT(($D$104:$D$120=$AL$6)*($E$104:$E$120=AM$9)*$S$104:$S$120) -> 0 | AN15: =SUMPRODUCT(($D$104:$D$120=$AL$6)*($E$104:$E$120=AN$9)*$S$104:$S$120) -> 0 | AO15: =SUMPRODUCT(($D$104:$D$120=$AL$6)*($E$104:$E$120=AO$9)*$S$104:$S$120) -> 0 | AP15: =SUMPRODUCT(($D$104:$D$120=$AL$6)*($E$104:$E$120=AP$9)*$S$104:$S$120) -> 0 | AQ15: =SUMPRODUCT(($D$104:$D$120=$AQ$6)*($E$104:$E$120=AQ$9)*$S$104:$S$120) -> 0 | AR15: =SUMPRODUCT(($D$104:$D$120=$AQ$6)*($E$104:$E$120=AR$9)*$S$104:$S$120) -> 0 | AS15: =SUMPRODUCT(($D$104:$D$120=$AQ$6)*($E$104:$E$120=AS$9)*$S$104:$S$120) -> 0 | AT15: =SUMPRODUCT(($D$104:$D$120=$AQ$6)*($E$104:$E$120=AT$9)*$S$104:$S$120) -> 3375.6667 | AU15: =SUMPRODUCT(($D$104:$D$120=$AQ$6)*($E$104:$E$120=AU$9)*$S$104:$S$120) -> 0 | AV15: =SUM(AE15:AU15) -> 24289.667
A16: 剩餘/超支 $$ | B16: =B10*VALUE(RIGHT(B9,2))-B13 -> 124396.67 | D16: 想要&奢侈品 | E16: N | S16: =SUM(F16:R16) -> 0 | T16: =SUM(S16:S20) -> 0 | V16: =$C$123 -> 202707 | W16: =T123 -> 14414 | X16: =T130 -> 0 | Y16: =T135 -> 43568.167 | Z16: =W16+X16+Y16 -> 57982.167 | AD16: =V16 -> 202707 | AE16: =SUMPRODUCT(($D$123:$D$139=$AE$6)*($E$123:$E$139=AE$9)*$S$123:$S$139) -> 8000 | AF16: =SUMPRODUCT(($D$123:$D$139=$AE$6)*($E$123:$E$139=AF$9)*$S$123:$S$139) -> 0 | AG16: =SUMPRODUCT(($D$123:$D$139=$AE$6)*($E$123:$E$139=AG$9)*$S$123:$S$139) -> 5817 | AH16: =SUMPRODUCT(($D$123:$D$139=$AE$6)*($E$123:$E$139=AH$9)*$S$123:$S$139) -> 0 | AI16: =SUMPRODUCT(($D$123:$D$139=$AE$6)*($E$123:$E$139=AI$9)*$S$123:$S$139) -> 0 | AJ16: =SUMPRODUCT(($D$123:$D$139=$AE$6)*($E$123:$E$139=AJ$9)*$S$123:$S$139) -> 0 | AK16: =SUMPRODUCT(($D$123:$D$139=$AE$6)*($E$123:$E$139=AK$9)*$S$123:$S$139) -> 597 | AL16: =SUMPRODUCT(($D$123:$D$139=$AL$6)*($E$123:$E$139=AL$9)*$S$123:$S$139) -> 0 | AM16: =SUMPRODUCT(($D$123:$D$139=$AL$6)*($E$123:$E$139=AM$9)*$S$123:$S$139) -> 0 | AN16: =SUMPRODUCT(($D$123:$D$139=$AL$6)*($E$123:$E$139=AN$9)*$S$123:$S$139) -> 0 | AO16: =SUMPRODUCT(($D$123:$D$139=$AL$6)*($E$123:$E$139=AO$9)*$S$123:$S$139) -> 0 | AP16: =SUMPRODUCT(($D$123:$D$139=$AL$6)*($E$123:$E$139=AP$9)*$S$123:$S$139) -> 0 | AQ16: =SUMPRODUCT(($D$123:$D$139=$AQ$6)*($E$123:$E$139=AQ$9)*$S$123:$S$139) -> 40192.5 | AR16: =SUMPRODUCT(($D$123:$D$139=$AQ$6)*($E$123:$E$139=AR$9)*$S$123:$S$139) -> 0 | AS16: =SUMPRODUCT(($D$123:$D$139=$AQ$6)*($E$123:$E$139=AS$9)*$S$123:$S$139) -> 0 | AT16: =SUMPRODUCT(($D$123:$D$139=$AQ$6)*($E$123:$E$139=AT$9)*$S$123:$S$139) -> 3375.6667 | AU16: =SUMPRODUCT(($D$123:$D$139=$AQ$6)*($E$123:$E$139=AU$9)*$S$123:$S$139) -> 0 | AV16: =SUM(AE16:AU16) -> 57982.167
A17: 剩餘/超支 $$(本月) | B17: =$J$2-(S26-F23) -> 124396.67 | D17: 想要&奢侈品 | E17: A | S17: =SUM(F17:R17) -> 0 | V17: =$C$142 -> 202708 | W17: =T142 -> 14414 | X17: =T149 -> 0 | Y17: =T154 -> 3375.6667 | Z17: =W17+X17+Y17 -> 17789.667 | AD17: =V17 -> 202708 | AE17: =SUMPRODUCT(($D$142:$D$158=$AE$6)*($E$142:$E$158=AE$9)*$S$142:$S$158) -> 8000 | AF17: =SUMPRODUCT(($D$142:$D$158=$AE$6)*($E$142:$E$158=AF$9)*$S$142:$S$158) -> 0 | AG17: =SUMPRODUCT(($D$142:$D$158=$AE$6)*($E$142:$E$158=AG$9)*$S$142:$S$158) -> 5817 | AH17: =SUMPRODUCT(($D$142:$D$158=$AE$6)*($E$142:$E$158=AH$9)*$S$142:$S$158) -> 0 | AI17: =SUMPRODUCT(($D$142:$D$158=$AE$6)*($E$142:$E$158=AI$9)*$S$142:$S$158) -> 0 | AJ17: =SUMPRODUCT(($D$142:$D$158=$AE$6)*($E$142:$E$158=AJ$9)*$S$142:$S$158) -> 0 | AK17: =SUMPRODUCT(($D$142:$D$158=$AE$6)*($E$142:$E$158=AK$9)*$S$142:$S$158) -> 597 | AL17: =SUMPRODUCT(($D$142:$D$158=$AL$6)*($E$142:$E$158=AL$9)*$S$142:$S$158) -> 0 | AM17: =SUMPRODUCT(($D$142:$D$158=$AL$6)*($E$142:$E$158=AM$9)*$S$142:$S$158) -> 0 | AN17: =SUMPRODUCT(($D$142:$D$158=$AL$6)*($E$142:$E$158=AN$9)*$S$142:$S$158) -> 0 | AO17: =SUMPRODUCT(($D$142:$D$158=$AL$6)*($E$142:$E$158=AO$9)*$S$142:$S$158) -> 0 | AP17: =SUMPRODUCT(($D$142:$D$158=$AL$6)*($E$142:$E$158=AP$9)*$S$142:$S$158) -> 0 | AQ17: =SUMPRODUCT(($D$142:$D$158=$AQ$6)*($E$142:$E$158=AQ$9)*$S$142:$S$158) -> 0 | AR17: =SUMPRODUCT(($D$142:$D$158=$AQ$6)*($E$142:$E$158=AR$9)*$S$142:$S$158) -> 0 | AS17: =SUMPRODUCT(($D$142:$D$158=$AQ$6)*($E$142:$E$158=AS$9)*$S$142:$S$158) -> 0 | AT17: =SUMPRODUCT(($D$142:$D$158=$AQ$6)*($E$142:$E$158=AT$9)*$S$142:$S$158) -> 3375.6667 | AU17: =SUMPRODUCT(($D$142:$D$158=$AQ$6)*($E$142:$E$158=AU$9)*$S$142:$S$158) -> 0 | AV17: =SUM(AE17:AU17) -> 17789.667
D18: 想要&奢侈品 | E18: L | S18: =SUM(F18:R18) -> 0 | V18: =$C$161 -> 202709 | W18: =T161 -> 20914 | X18: =T168 -> 0 | Y18: =T173 -> 3375.6667 | Z18: =W18+X18+Y18 -> 24289.667 | AD18: =V18 -> 202709 | AE18: =SUMPRODUCT(($D$161:$D$177=$AE$6)*($E$161:$E$177=AE$9)*$S$161:$S$177) -> 8000 | AF18: =SUMPRODUCT(($D$161:$D$177=$AE$6)*($E$161:$E$177=AF$9)*$S$161:$S$177) -> 0 | AG18: =SUMPRODUCT(($D$161:$D$177=$AE$6)*($E$161:$E$177=AG$9)*$S$161:$S$177) -> 5817 | AH18: =SUMPRODUCT(($D$161:$D$177=$AE$6)*($E$161:$E$177=AH$9)*$S$161:$S$177) -> 0 | AI18: =SUMPRODUCT(($D$161:$D$177=$AE$6)*($E$161:$E$177=AI$9)*$S$161:$S$177) -> 6500 | AJ18: =SUMPRODUCT(($D$161:$D$177=$AE$6)*($E$161:$E$177=AJ$9)*$S$161:$S$177) -> 0 | AK18: =SUMPRODUCT(($D$161:$D$177=$AE$6)*($E$161:$E$177=AK$9)*$S$161:$S$177) -> 597 | AL18: =SUMPRODUCT(($D$161:$D$177=$AL$6)*($E$161:$E$177=AL$9)*$S$161:$S$177) -> 0 | AM18: =SUMPRODUCT(($D$161:$D$177=$AL$6)*($E$161:$E$177=AM$9)*$S$161:$S$177) -> 0 | AN18: =SUMPRODUCT(($D$161:$D$177=$AL$6)*($E$161:$E$177=AN$9)*$S$161:$S$177) -> 0 | AO18: =SUMPRODUCT(($D$161:$D$177=$AL$6)*($E$161:$E$177=AO$9)*$S$161:$S$177) -> 0 | AP18: =SUMPRODUCT(($D$161:$D$177=$AL$6)*($E$161:$E$177=AP$9)*$S$161:$S$177) -> 0 | AQ18: =SUMPRODUCT(($D$161:$D$177=$AQ$6)*($E$161:$E$177=AQ$9)*$S$161:$S$177) -> 0 | AR18: =SUMPRODUCT(($D$161:$D$177=$AQ$6)*($E$161:$E$177=AR$9)*$S$161:$S$177) -> 0 | AS18: =SUMPRODUCT(($D$161:$D$177=$AQ$6)*($E$161:$E$177=AS$9)*$S$161:$S$177) -> 0 | AT18: =SUMPRODUCT(($D$161:$D$177=$AQ$6)*($E$161:$E$177=AT$9)*$S$161:$S$177) -> 3375.6667 | AU18: =SUMPRODUCT(($D$161:$D$177=$AQ$6)*($E$161:$E$177=AU$9)*$S$161:$S$177) -> 0 | AV18: =SUM(AE18:AU18) -> 24289.667
D19: 想要&奢侈品 | E19: D | S19: =SUM(F19:R19) -> 0 | V19: =$C$180 -> 202710 | W19: =T180 -> 20914 | X19: =T187 -> 0 | Y19: =T192 -> 3375.6667 | Z19: =W19+X19+Y19 -> 24289.667 | AD19: =V19 -> 202710 | AE19: =SUMPRODUCT(($D$180:$D$196=$AE$6)*($E$180:$E$196=AE$9)*$S$180:$S$196) -> 8000 | AF19: =SUMPRODUCT(($D$180:$D$196=$AE$6)*($E$180:$E$196=AF$9)*$S$180:$S$196) -> 0 | AG19: =SUMPRODUCT(($D$180:$D$196=$AE$6)*($E$180:$E$196=AG$9)*$S$180:$S$196) -> 5817 | AH19: =SUMPRODUCT(($D$180:$D$196=$AE$6)*($E$180:$E$196=AH$9)*$S$180:$S$196) -> 0 | AI19: =SUMPRODUCT(($D$180:$D$196=$AE$6)*($E$180:$E$196=AI$9)*$S$180:$S$196) -> 6500 | AJ19: =SUMPRODUCT(($D$180:$D$196=$AE$6)*($E$180:$E$196=AJ$9)*$S$180:$S$196) -> 0 | AK19: =SUMPRODUCT(($D$180:$D$196=$AE$6)*($E$180:$E$196=AK$9)*$S$180:$S$196) -> 597 | AL19: =SUMPRODUCT(($D$180:$D$196=$AL$6)*($E$180:$E$196=AL$9)*$S$180:$S$196) -> 0 | AM19: =SUMPRODUCT(($D$180:$D$196=$AL$6)*($E$180:$E$196=AM$9)*$S$180:$S$196) -> 0 | AN19: =SUMPRODUCT(($D$180:$D$196=$AL$6)*($E$180:$E$196=AN$9)*$S$180:$S$196) -> 0 | AO19: =SUMPRODUCT(($D$180:$D$196=$AL$6)*($E$180:$E$196=AO$9)*$S$180:$S$196) -> 0 | AP19: =SUMPRODUCT(($D$180:$D$196=$AL$6)*($E$180:$E$196=AP$9)*$S$180:$S$196) -> 0 | AQ19: =SUMPRODUCT(($D$180:$D$196=$AQ$6)*($E$180:$E$196=AQ$9)*$S$180:$S$196) -> 0 | AR19: =SUMPRODUCT(($D$180:$D$196=$AQ$6)*($E$180:$E$196=AR$9)*$S$180:$S$196) -> 0 | AS19: =SUMPRODUCT(($D$180:$D$196=$AQ$6)*($E$180:$E$196=AS$9)*$S$180:$S$196) -> 0 | AT19: =SUMPRODUCT(($D$180:$D$196=$AQ$6)*($E$180:$E$196=AT$9)*$S$180:$S$196) -> 3375.6667 | AU19: =SUMPRODUCT(($D$180:$D$196=$AQ$6)*($E$180:$E$196=AU$9)*$S$180:$S$196) -> 0 | AV19: =SUM(AE19:AU19) -> 24289.667
D20: 想要&奢侈品 | E20: 其它 | S20: =SUM(F20:R20) -> 0 | V20: =$C$199 -> 202711 | W20: =T199 -> 20914 | X20: =T206 -> 0 | Y20: =T211 -> 0 | Z20: =W20+X20+Y20 -> 20914 | AD20: =V20 -> 202711 | AE20: =SUMPRODUCT(($D$199:$D$215=$AE$6)*($E$199:$E$215=AE$9)*$S$199:$S$215) -> 8000 | AF20: =SUMPRODUCT(($D$199:$D$215=$AE$6)*($E$199:$E$215=AF$9)*$S$199:$S$215) -> 0 | AG20: =SUMPRODUCT(($D$199:$D$215=$AE$6)*($E$199:$E$215=AG$9)*$S$199:$S$215) -> 5817 | AH20: =SUMPRODUCT(($D$199:$D$215=$AE$6)*($E$199:$E$215=AH$9)*$S$199:$S$215) -> 0 | AI20: =SUMPRODUCT(($D$199:$D$215=$AE$6)*($E$199:$E$215=AI$9)*$S$199:$S$215) -> 6500 | AJ20: =SUMPRODUCT(($D$199:$D$215=$AE$6)*($E$199:$E$215=AJ$9)*$S$199:$S$215) -> 0 | AK20: =SUMPRODUCT(($D$199:$D$215=$AE$6)*($E$199:$E$215=AK$9)*$S$199:$S$215) -> 597 | AL20: =SUMPRODUCT(($D$199:$D$215=$AL$6)*($E$199:$E$215=AL$9)*$S$199:$S$215) -> 0 | AM20: =SUMPRODUCT(($D$199:$D$215=$AL$6)*($E$199:$E$215=AM$9)*$S$199:$S$215) -> 0 | AN20: =SUMPRODUCT(($D$199:$D$215=$AL$6)*($E$199:$E$215=AN$9)*$S$199:$S$215) -> 0 | AO20: =SUMPRODUCT(($D$199:$D$215=$AL$6)*($E$199:$E$215=AO$9)*$S$199:$S$215) -> 0 | AP20: =SUMPRODUCT(($D$199:$D$215=$AL$6)*($E$199:$E$215=AP$9)*$S$199:$S$215) -> 0 | AQ20: =SUMPRODUCT(($D$199:$D$215=$AQ$6)*($E$199:$E$215=AQ$9)*$S$199:$S$215) -> 0 | AR20: =SUMPRODUCT(($D$199:$D$215=$AQ$6)*($E$199:$E$215=AR$9)*$S$199:$S$215) -> 0 | AS20: =SUMPRODUCT(($D$199:$D$215=$AQ$6)*($E$199:$E$215=AS$9)*$S$199:$S$215) -> 0 | AT20: =SUMPRODUCT(($D$199:$D$215=$AQ$6)*($E$199:$E$215=AT$9)*$S$199:$S$215) -> 0 | AU20: =SUMPRODUCT(($D$199:$D$215=$AQ$6)*($E$199:$E$215=AU$9)*$S$199:$S$215) -> 0 | AV20: =SUM(AE20:AU20) -> 20914
D21: 一次性支出 | E21: 旅遊 | F21: 2267 | I21: =2098+32+396+944+1894+1894-1000 -> 6258 | K21: 26766 | M21: =6979 -> 6979 | S21: =SUM(F21:R21) -> 42270 | T21: =SUM(S21:S25) -> 42270 | V21: =$C$218 -> 202712 | W21: =T218 -> 20914 | X21: =T225 -> 0 | Y21: =T230 -> 0 | Z21: =W21+X21+Y21 -> 20914 | AD21: =V21 -> 202712 | AE21: =SUMPRODUCT(($D$218:$D$234=$AE$6)*($E$218:$E$234=AE$9)*$S$218:$S$234) -> 8000 | AF21: =SUMPRODUCT(($D$218:$D$234=$AE$6)*($E$218:$E$234=AF$9)*$S$218:$S$234) -> 0 | AG21: =SUMPRODUCT(($D$218:$D$234=$AE$6)*($E$218:$E$234=AG$9)*$S$218:$S$234) -> 5817 | AH21: =SUMPRODUCT(($D$218:$D$234=$AE$6)*($E$218:$E$234=AH$9)*$S$218:$S$234) -> 0 | AI21: =SUMPRODUCT(($D$218:$D$234=$AE$6)*($E$218:$E$234=AI$9)*$S$218:$S$234) -> 6500 | AJ21: =SUMPRODUCT(($D$218:$D$234=$AE$6)*($E$218:$E$234=AJ$9)*$S$218:$S$234) -> 0 | AK21: =SUMPRODUCT(($D$218:$D$234=$AE$6)*($E$218:$E$234=AK$9)*$S$218:$S$234) -> 597 | AL21: =SUMPRODUCT(($D$218:$D$234=$AL$6)*($E$218:$E$234=AL$9)*$S$218:$S$234) -> 0 | AM21: =SUMPRODUCT(($D$218:$D$234=$AL$6)*($E$218:$E$234=AM$9)*$S$218:$S$234) -> 0 | AN21: =SUMPRODUCT(($D$218:$D$234=$AL$6)*($E$218:$E$234=AN$9)*$S$218:$S$234) -> 0 | AO21: =SUMPRODUCT(($D$218:$D$234=$AL$6)*($E$218:$E$234=AO$9)*$S$218:$S$234) -> 0 | AP21: =SUMPRODUCT(($D$218:$D$234=$AL$6)*($E$218:$E$234=AP$9)*$S$218:$S$234) -> 0 | AQ21: =SUMPRODUCT(($D$218:$D$234=$AQ$6)*($E$218:$E$234=AQ$9)*$S$218:$S$234) -> 0 | AR21: =SUMPRODUCT(($D$218:$D$234=$AQ$6)*($E$218:$E$234=AR$9)*$S$218:$S$234) -> 0 | AS21: =SUMPRODUCT(($D$218:$D$234=$AQ$6)*($E$218:$E$234=AS$9)*$S$218:$S$234) -> 0 | AT21: =SUMPRODUCT(($D$218:$D$234=$AQ$6)*($E$218:$E$234=AT$9)*$S$218:$S$234) -> 0 | AU21: =SUMPRODUCT(($D$218:$D$234=$AQ$6)*($E$218:$E$234=AU$9)*$S$218:$S$234) -> 0 | AV21: =SUM(AE21:AU21) -> 20914
D22: 一次性支出 | E22: 家庭聚會 | S22: =SUM(F22:R22) -> 0
D23: 一次性支出 | E23: 稅費 | S23: =SUM(F23:R23) -> 0
D24: 一次性支出 | E24: 保險 | S24: =SUM(F24:R24) -> 0
D25: 一次性支出 | E25: 其它 | S25: =SUM(F25:R25) -> 0
D26: Total | E26: Total | F26: =SUM(F9:F25) -> 2267 | G26: =SUM(G9:G25) -> 0 | H26: =SUM(H9:H25) -> 0 | I26: =SUM(I9:I25) -> 6258 | J26: =SUM(J9:J25) -> 0 | K26: =SUM(K9:K25) -> 26766 | L26: =SUM(L9:L25) -> 0 | M26: =SUM(M9:M25) -> 6979 | ... S26: =SUM(S9:S25) -> 42270
A28: 月份 | B28: =B9+1 -> 202702 | C28: =B28 -> 202702 | D28: 生活 | E28: 食 | S28: =SUM(F28:R28) -> 0 | T28: =SUM(S28:S34) -> 0
A29: 預計支出/月 | B29: =$J$2 -> 166666.67 | D29: 生活 | E29: 衣 | S29: =SUM(F29:R29) -> 0
A30: Total(到本月) | B30: =SUMPRODUCT((($V$10:$V$21)<=VALUE(B28))*($Z$10:$Z$21)) -> 42270 | D30: 生活 | E30: 住 | S30: =SUM(F30:R30) -> 0
A31: YOY% | B31: =B30/SUMPRODUCT(('2027'!$V$10:$V$21<='2027'!B28)*'2022'!$Z$10:$Z$21) -> 0.12626429 | D31: 生活 | E31: 行 | S31: =SUM(F31:R31) -> 0
A32: Total-車貸(本月) | B32: =B30-$K$2*VALUE(RIGHT(B28,2))/9 -> 42270 | D32: 生活 | E32: 育-基本 | S32: =SUM(F32:R32) -> 0
A33: 實際占預計支出% | B33: =B32/($J$2*12) -> 0.021135 | D33: 生活 | E33: 育-才藝 | S33: =SUM(F33:R33) -> 0
A34: 支出% | B34: =VALUE(RIGHT(B28,2))/12 -> 0.16666667 | D34: 生活 | E34: 醫療費用 | S34: =SUM(F34:R34) -> 0
A35: 剩餘/超支 $$ | B35: =B29*VALUE(RIGHT(B28,2))-B32 -> 291063.33 | D35: 想要&奢侈品 | E35: N | S35: =SUM(F35:R35) -> 0 | T35: =SUM(S35:S39) -> 0
A36: 剩餘/超支 $$(本月) | B36: =$J$2-(S45-F42) -> 166666.67 | D36: 想要&奢侈品 | E36: A | S36: =SUM(G36:R36) -> 0
D37: 想要&奢侈品 | E37: L | S37: =SUM(F37:R37) -> 0
D38: 想要&奢侈品 | E38: D | S38: =SUM(F38:R38) -> 0
D39: 想要&奢侈品 | E39: 其它 | S39: =SUM(F39:R39) -> 0
D40: 一次性支出 | E40: 旅遊 | S40: =SUM(F40:R40) -> 0 | T40: =SUM(S40:S44) -> 0
D41: 一次性支出 | E41: 家庭聚會 | S41: =SUM(F41:R41) -> 0
D42: 一次性支出 | E42: 稅費 | S42: =SUM(F42:R42) -> 0
D43: 一次性支出 | E43: 保險 | S43: =SUM(F43:R43) -> 0
D44: 一次性支出 | E44: 其它 | S44: =SUM(F44:R44) -> 0
D45: Total | E45: Total | F45: =SUM(F28:F44) -> 0 | G45: =SUM(G28:G44) -> 0 | H45: =SUM(H28:H44) -> 0 | I45: =SUM(I28:I44) -> 0 | J45: =SUM(J28:J44) -> 0 | K45: =SUM(K28:K44) -> 0 | L45: =SUM(L28:L44) -> 0 | M45: =SUM(M28:M44) -> 0 | ... S45: =SUM(S28:S44) -> 0
A47: 月份 | B47: =B28+1 -> 202703 | C47: =B47 -> 202703 | D47: 生活 | E47: 食 | Q47: =2000+2000+2000+2000 -> 8000 | S47: =SUM(F47:R47) -> 8000 | T47: =SUM(S47:S53) -> 27665.333
A48: 預計支出/月 | B48: =$J$2 -> 166666.67 | D48: 生活 | E48: 衣 | S48: =SUM(F48:R48) -> 0
A49: Total(到本月) | B49: =SUMPRODUCT((($V$10:$V$21)<=VALUE(B47))*($Z$10:$Z$21)) -> 73311.333 | D49: 生活 | E49: 住 | F49: 3326 | Q49: =9491-7000 -> 2491 | S49: =SUM(F49:R49) -> 5817
A50: YOY% | B50: =B49/SUMPRODUCT(('2027'!$V$10:$V$21<='2027'!B47)*'2022'!$Z$10:$Z$21) -> 0.15326101 | D50: 生活 | E50: 行 | Q50: 597 | S50: =SUM(F50:R50) -> 597
A51: Total-車貸(本月) | B51: =B49-$K$2*VALUE(RIGHT(B47,2))/9 -> 73311.333 | D51: 生活 | E51: 育-基本 | F51: 6500 | S51: =SUM(F51:R51) -> 6500
A52: 實際占預計支出% | B52: =B51/($J$2*12) -> 0.036655667 | D52: 生活 | E52: 育-才藝 | S52: =SUM(F52:R52) -> 0
A53: 支出% | B53: =VALUE(RIGHT(B47,2))/12 -> 0.25 | D53: 生活 | E53: 醫療費用 | Q53: =40508/6 -> 6751.3333 | S53: =SUM(F53:R53) -> 6751.3333
A54: 剩餘/超支 $$ | B54: =B48*VALUE(RIGHT(B47,2))-B51 -> 426688.67 | D54: 想要&奢侈品 | E54: N | S54: =SUM(F54:R54) -> 0 | T54: =SUM(S54:S58) -> 0
A55: 剩餘/超支 $$(本月) | B55: =$J$2-(S64-F61) -> 135625.33 | D55: 想要&奢侈品 | E55: A | S55: =SUM(F55:R55) -> 0
D56: 想要&奢侈品 | E56: L | S56: =SUM(F56:R56) -> 0
D57: 想要&奢侈品 | E57: D | S57: =SUM(F57:R57) -> 0
D58: 想要&奢侈品 | E58: 其它 | S58: =SUM(F58:R58) -> 0
D59: 一次性支出 | E59: 旅遊 | S59: =SUM(F59:R59) -> 0 | T59: =SUM(S59:S63) -> 3376
D60: 一次性支出 | E60: 家庭聚會 | S60: =SUM(F60:R60) -> 0
D61: 一次性支出 | E61: 稅費 | S61: =SUM(F61:R61) -> 0
D62: 一次性支出 | E62: 保險 | Q62: 3376 | S62: =SUM(F62:R62) -> 3376
D63: 一次性支出 | E63: 其它 | S63: =SUM(F63:R63) -> 0
D64: Total | E64: Total | F64: =SUM(F47:F63) -> 9826 | G64: =SUM(G47:G63) -> 0 | H64: =SUM(H47:H63) -> 0 | I64: =SUM(I47:I63) -> 0 | J64: =SUM(J47:J63) -> 0 | K64: =SUM(K47:K63) -> 0 | L64: =SUM(L47:L63) -> 0 | M64: =SUM(M47:M63) -> 0 | ... S64: =SUM(S47:S63) -> 31041.333
A66: 月份 | B66: =B47+1 -> 202704 | C66: =B66 -> 202704 | D66: 生活 | E66: 食 | Q66: =2000+2000+2000+2000 -> 8000 | S66: =SUM(F66:R66) -> 8000 | T66: =SUM(S66:S72) -> 27665.333
A67: 預計支出/月 | B67: =$J$2 -> 166666.67 | D67: 生活 | E67: 衣 | S67: =SUM(F67:R67) -> 0
A68: Total(到本月) | B68: =SUMPRODUCT((($V$10:$V$21)<=VALUE(B66))*($Z$10:$Z$21)) -> 104352.67 | D68: 生活 | E68: 住 | F68: 3326 | Q68: =9491-7000 -> 2491 | S68: =SUM(F68:R68) -> 5817
A69: YOY% | B69: =B68/SUMPRODUCT(('2027'!$V$10:$V$21<='2027'!B66)*'2022'!$Z$10:$Z$21) -> 0.17145417 | D69: 生活 | E69: 行 | Q69: 597 | S69: =SUM(F69:R69) -> 597
A70: Total-車貸(本月) | B70: =B68-$K$2*VALUE(RIGHT(B66,2))/9 -> 104352.67 | D70: 生活 | E70: 育-基本 | F70: 6500 | S70: =SUM(F70:R70) -> 6500
A71: 實際占預計支出% | B71: =B70/($J$2*12) -> 0.052176333 | D71: 生活 | E71: 育-才藝 | S71: =SUM(F71:R71) -> 0
A72: 支出% | B72: =VALUE(RIGHT(B66,2))/12 -> 0.33333333 | D72: 生活 | E72: 醫療費用 | Q72: =40508/6 -> 6751.3333 | S72: =SUM(F72:R72) -> 6751.3333
A73: 剩餘/超支 $$ | B73: =B67*VALUE(RIGHT(B66,2))-B70 -> 562314 | D73: 想要&奢侈品 | E73: N | S73: =SUM(F73:R73) -> 0 | T73: =SUM(S73:S77) -> 0
A74: 剩餘/超支 $$(本月) | B74: =$J$2-(S83-F80) -> 135625.33 | D74: 想要&奢侈品 | E74: A | S74: =SUM(F74:R74) -> 0
D75: 想要&奢侈品 | E75: L | S75: =SUM(F75:R75) -> 0
D76: 想要&奢侈品 | E76: D | S76: =SUM(F76:R76) -> 0
D77: 想要&奢侈品 | E77: 其它 | S77: =SUM(F77:R77) -> 0
D78: 一次性支出 | E78: 旅遊 | S78: =SUM(F78:R78) -> 0 | T78: =SUM(S78:S82) -> 3376
D79: 一次性支出 | E79: 家庭聚會 | S79: =SUM(F79:R79) -> 0
D80: 一次性支出 | E80: 稅費 | S80: =SUM(F80:R80) -> 0
D81: 一次性支出 | E81: 保險 | Q81: 3376 | S81: =SUM(F81:R81) -> 3376
D82: 一次性支出 | E82: 其它 | S82: =SUM(F82:R82) -> 0
D83: Total | E83: Total | F83: =SUM(F66:F82) -> 9826 | G83: =SUM(G66:G82) -> 0 | H83: =SUM(H66:H82) -> 0 | I83: =SUM(I66:I82) -> 0 | J83: =SUM(J66:J82) -> 0 | K83: =SUM(K66:K82) -> 0 | L83: =SUM(L66:L82) -> 0 | M83: =SUM(M66:M82) -> 0 | ... S83: =SUM(S66:S82) -> 31041.333
A85: 月份 | B85: =B66+1 -> 202705 | C85: =B85 -> 202705 | D85: 生活 | E85: 食 | Q85: =2000+2000+2000+2000 -> 8000 | S85: =SUM(F85:R85) -> 8000 | T85: =SUM(S85:S91) -> 27665.333
A86: 預計支出/月 | B86: =$J$2 -> 166666.67 | D86: 生活 | E86: 衣 | S86: =SUM(F86:R86) -> 0
A87: Total(到本月) | B87: =SUMPRODUCT((($V$10:$V$21)<=VALUE(B85))*($Z$10:$Z$21)) -> 154143.5 | D87: 生活 | E87: 住 | F87: 3326 | Q87: =9491-7000 -> 2491 | S87: =SUM(F87:R87) -> 5817
A88: YOY% | B88: =B87/SUMPRODUCT(('2027'!$V$10:$V$21<='2027'!B85)*'2022'!$Z$10:$Z$21) -> 0.20443381 | D88: 生活 | E88: 行 | Q88: 597 | S88: =SUM(F88:R88) -> 597
A89: Total-車貸(本月) | B89: =B87-$K$2*VALUE(RIGHT(B85,2))/9 -> 154143.5 | D89: 生活 | E89: 育-基本 | F89: 6500 | S89: =SUM(F89:R89) -> 6500
A90: 實際占預計支出% | B90: =B89/($J$2*12) -> 0.07707175 | D90: 生活 | E90: 育-才藝 | S90: =SUM(F90:R90) -> 0
A91: 支出% | B91: =VALUE(RIGHT(B85,2))/12 -> 0.41666667 | D91: 生活 | E91: 醫療費用 | Q91: =40508/6 -> 6751.3333 | S91: =SUM(F91:R91) -> 6751.3333
A92: 剩餘/超支 $$ | B92: =B86*VALUE(RIGHT(B85,2))-B89 -> 679189.83 | D92: 想要&奢侈品 | E92: N | S92: =SUM(F92:R92) -> 0 | T92: =SUM(S92:S96) -> 0
A93: 剩餘/超支 $$(本月) | B93: =$J$2-(S102-F99) -> 116875.83 | D93: 想要&奢侈品 | E93: A | S93: =SUM(F93:R93) -> 0
D94: 想要&奢侈品 | E94: L | S94: =SUM(F94:R94) -> 0
D95: 想要&奢侈品 | E95: D | S95: =SUM(F95:R95) -> 0
D96: 想要&奢侈品 | E96: 其它 | S96: =SUM(F96:R96) -> 0
D97: 一次性支出 | E97: 旅遊 | H97: =7240+22679/2+340/2 -> 18749.5 | S97: =SUM(F97:R97) -> 18749.5 | T97: =SUM(S97:S101) -> 22125.5
D98: 一次性支出 | E98: 家庭聚會 | S98: =SUM(F98:R98) -> 0
D99: 一次性支出 | E99: 稅費 | S99: =SUM(F99:R99) -> 0
D100: 一次性支出 | E100: 保險 | Q100: 3376 | S100: =SUM(F100:R100) -> 3376
D101: 一次性支出 | E101: 其它 | S101: =SUM(F101:R101) -> 0
D102: Total | E102: Total | F102: =SUM(F85:F101) -> 9826 | G102: =SUM(G85:G101) -> 0 | H102: =SUM(H85:H101) -> 18749.5 | I102: =SUM(I85:I101) -> 0 | J102: =SUM(J85:J101) -> 0 | K102: =SUM(K85:K101) -> 0 | L102: =SUM(L85:L101) -> 0 | M102: =SUM(M85:M101) -> 0 | ... S102: =SUM(S85:S101) -> 49790.833
A104: 月份 | B104: =B85+1 -> 202706 | C104: =B104 -> 202706 | D104: 生活 | E104: 食 | Q104: =2000+2000+2000+2000 -> 8000 | S104: =SUM(F104:R104) -> 8000 | T104: =SUM(S104:S110) -> 20914
A105: 預計支出/月 | B105: =$J$2 -> 166666.67 | D105: 生活 | E105: 衣 | S105: =SUM(F105:R105) -> 0
...

Sheet 留底
A1: 生活 | B1: =SUMIF(D:D,A1,S:S) -> 331164 | C1: =B1/$B$4 -> 0.9800158 | J1: 月支出估計 | K1: 房貸 | L1: 年支出估計
A2: 想要&奢侈品 | B2: =SUMIF(D:D,A2,S:S) -> 0 | C2: =B2/$B$4 -> 0 | J2: 160000 | L2: =J2*12+K2 -> 1920000
A3: 一次性支出 | B3: =SUMIF(D:D,A3,S:S) -> 6753 | C3: =B3/$B$4 -> 0.019984197 | AD3: =YEAR(NOW())-1&IF(LEN(MONTH(NOW()))=1,"0","")&MONTH(NOW()) -> 202508 | AS3: =27778*12 -> 333336
A4: Total | B4: =SUMIF(D:D,A4,S:S) -> 337917 | C4: =B4-B89 -> 190679 | AD4: =YEAR(NOW())&IF(LEN(MONTH(NOW()))=1,"0","")&MONTH(NOW()) -> 202608
A5: Total-車貸 | B5: =B4-K2 -> 337917 | AD5: =SUM(AE5:AU5) -> 337917 | AE5: =SUM(AE10:AE21) -> 96000 | AF5: =SUM(AF10:AF21) -> 0 | AG5: =SUM(AG10:AG21) -> 42000 | AH5: =SUM(AH10:AH21) -> 0 | AI5: =SUM(AI10:AI21) -> 186000 | AJ5: =SUM(AJ10:AJ21) -> 0 | AK5: =SUM(AK10:AK21) -> 7164 | AL5: =SUM(AL10:AL21) -> 0 | ... AU5: =SUM(AU10:AU21) -> 0
A6: 占預計支出比例 | B6: =B4/L2 -> 0.17599844 | F6: =F7/$S$7 -> 0.55043102 | G6: =G7/$S$7 -> 0 | H6: =H7/$S$7 -> 0 | I6: =I7/$S$7 -> 0 | J6: =J7/$S$7 -> 0 | K6: =K7/$S$7 -> 0 | L6: =L7/$S$7 -> 0 | M6: =M7/$S$7 -> 0 | ... R6: =R7/$S$7 -> 0 | AE6: =W9 -> 生活 | AL6: =X9 -> 想要&奢侈品 | AQ6: =Y9 -> 一次性支出
F7: =SUMIF($D$9:$D$1012,"Total",F9:F1012) -> 186000 | G7: =SUMIF($D$9:$D$1012,"Total",G9:G1012) -> 0 | H7: =SUMIF($D$9:$D$1012,"Total",H9:H1012) -> 0 | I7: =SUMIF($D$9:$D$1012,"Total",I9:I1012) -> 0 | J7: =SUMIF($D$9:$D$1012,"Total",J9:J1012) -> 0 | K7: =SUMIF($D$9:$D$1012,"Total",K9:K1012) -> 0 | L7: =SUMIF($D$9:$D$1012,"Total",L9:L1012) -> 0 | M7: =SUMIF($D$9:$D$1012,"Total",M9:M1012) -> 0 | ... R7: =SUMIF($D$9:$D$1012,"Total",R9:R1012) -> 0 | S7: =SUM(F7:R7) -> 337917 | AD7: YOY% | AE7: =SUMPRODUCT((VALUE($AD$10:$AD$21)<=VALUE($AD$4))*(AE10:AK21))/SUMPRODUCT((VALUE('2022'!$AD$10:$AD$21)<=VALUE($AD$3))*('2022'!AE$10:AK$21)) -> 0.31152807 | AL7: =SUMPRODUCT((VALUE($AD$10:$AD$21)<=VALUE($AD$4))*(AL10:AP21))/SUMPRODUCT((VALUE('2022'!$AD$10:$AD$21)<=VALUE($AD$3))*('2022'!AL$10:AP$21)) -> 0 | AQ7: =SUMPRODUCT((VALUE($AD$10:$AD$21)<=VALUE($AD$4))*(AQ10:AU21))/SUMPRODUCT((VALUE('2022'!$AD$10:$AD$21)<=VALUE($AD$3))*('2022'!AQ$10:AU$21)) -> 0.010043368
C8: 年月 | F8: 其他現金支出 | G8: 渣打現金回饋 | H8: 台新ALL | I8: 玉山ALL | J8: 樂天 | K8: 花旗 | L8: 國泰KOKO&COSTCO | M8: 合庫+永豐+星展 | N8: 聯邦微風卡 | O8: 王董Creditcard | P8: 永豐三井卡 | Q8: 孝敬長輩 | S8: Total | W8: =SUM(W10:W21) -> 331164 | X8: =SUM(X10:X21) -> 0 | Y8: =SUM(Y10:Y21) -> 6753 | AD8: =SUMPRODUCT((VALUE($AD$10:$AD$21)<=VALUE($AD$4))*(AE10:AU21))/SUMPRODUCT((VALUE('2022'!$AD$10:$AD$21)<=VALUE($AD$3))*('2022'!AE$10:AU$21)) -> 0.17611695 | AE8: =SUMPRODUCT((VALUE($AD$10:$AD$21)<=VALUE($AD$4))*(AE10:AE21))/SUMPRODUCT((VALUE('2022'!$AD$10:$AD$21)<=VALUE($AD$3))*('2022'!AG$10:AG$21)) -> 0.31311257 | AF8: =(SUMPRODUCT((VALUE($AD$10:$AD$21)<=VALUE($AD$4))*(AF10:AF21))+SUMPRODUCT((VALUE($AD$10:$AD$21)<=VALUE($AD$4))*(AG10:AG21))+SUMPRODUCT((VALUE($AD$10:$AD$21)<=VALUE($AD$4))*(AK10:AK21)))/(SUMPRODUCT((VALUE('2022'!$AD$10:$AD$21)<=VALUE($AD$3))*('2022'!AE$10:AE$21))+SUMPRODUCT((VALUE('2022'!$AD$10:$AD$21)<=VALUE($AD$3))*('2022'!AI$10:AI$21))+SUMPRODUCT((VALUE('2022'!$AD$10:$AD$21)<=VALUE($AD$3))*('2022'!AJ$10:AJ$21))) -> 0.19651294 | AI8: =(SUMPRODUCT((VALUE($AD$10:$AD$21)<=VALUE($AD$4))*(AI10:AI21))+SUMPRODUCT((VALUE($AD$10:$AD$21)<=VALUE($AD$4))*(AJ10:AJ21)))/SUMPRODUCT((VALUE('2022'!$AD$10:$AD$21)<=VALUE($AD$3))*('2022'!AK$10:AK$21)) -> 0.39964161 | AK8: =SUMPRODUCT((VALUE($AD$10:$AD$21)<=VALUE($AD$4))*(AH10:AH21))/SUMPRODUCT((VALUE('2022'!$AD$10:$AD$21)<=VALUE($AD$3))*('2022'!AF$10:AF$21)) -> 0 | AL8: =SUMPRODUCT((VALUE($AD$10:$AD$21)<=VALUE($AD$4))*(AL10:AL21))/SUMPRODUCT((VALUE('2022'!$AD$10:$AD$21)<=VALUE($AD$3))*('2022'!AL10:AL21)) -> 0 | AM8: =SUMPRODUCT((VALUE($AD$10:$AD$21)<=VALUE($AD$4))*(AM10:AM21))/SUMPRODUCT((VALUE('2022'!$AD$10:$AD$21)<=VALUE($AD$3))*('2022'!AM10:AM21)) -> 0 | AN8: =SUMPRODUCT((VALUE($AD$10:$AD$21)<=VALUE($AD$4))*(AN10:AN21))/SUMPRODUCT((VALUE('2022'!$AD$10:$AD$21)<=VALUE($AD$3))*('2022'!AN10:AN21)) -> 0 | AO8: =SUMPRODUCT((VALUE($AD$10:$AD$21)<=VALUE($AD$4))*(AO10:AO21))/SUMPRODUCT((VALUE('2022'!$AD$10:$AD$21)<=VALUE($AD$3))*('2022'!AO10:AO21)) -> 0 | AP8: =SUMPRODUCT((VALUE($AD$10:$AD$21)<=VALUE($AD$4))*(AP10:AP21))/SUMPRODUCT((VALUE('2022'!$AD$10:$AD$21)<=VALUE($AD$3))*('2022'!AP10:AP21)) -> 0 | AQ8: =SUMPRODUCT((VALUE($AD$10:$AD$21)<=VALUE($AD$4))*(AQ10:AQ21))/SUMPRODUCT((VALUE('2022'!$AD$10:$AD$21)<=VALUE($AD$3))*('2022'!AQ10:AQ21)) -> 0 | AR8: =SUMPRODUCT((VALUE($AD$10:$AD$21)<=VALUE($AD$4))*(AR10:AR21))/SUMPRODUCT((VALUE('2022'!$AD$10:$AD$21)<=VALUE($AD$3))*('2022'!AR10:AR21)) -> 0 | AS8: =SUMPRODUCT((VALUE($AD$10:$AD$21)<=VALUE($AD$4))*(AS10:AS21))/SUMPRODUCT((VALUE('2022'!$AD$10:$AD$21)<=VALUE($AD$3))*('2022'!AS10:AS21)) -> 0 | ... AU8: =SUMPRODUCT((VALUE($AD$10:$AD$21)<=VALUE($AD$4))*(AU10:AU21))/SUMPRODUCT((VALUE('2022'!$AD$10:$AD$21)<=VALUE($AD$3))*('2022'!AU10:AU21)) -> 0
A9: 月份 | B9: 202301 | C9: 202301 | D9: 生活 | E9: 食 | Q9: =2000+2000+2000+2000 -> 8000 | S9: =SUM(F9:R9) -> 8000 | T9: =SUM(S9:S15) -> 28097 | V9: 月份 | W9: =A1 -> 生活 | X9: 想要&奢侈品 | Y9: =A3 -> 一次性支出 | Z9: Total | AD9: 月份 | AE9: 食 | AF9: 衣 | AG9: 住 | AH9: 醫療費用 | AI9: 育-基本 | AJ9: 育-才藝 | AK9: 行 | AL9: N | AM9: A | AN9: L | AO9: D | AP9: 其它 | AQ9: 旅遊 | AR9: 家庭聚會 | AS9: 稅費 | AT9: 保險 | AU9: 其它 | AV9: 合計
